ticker,date,open,high,low,close,volume,avg_sentiment,tweet_count,daily_return,volatility_7d,ma_7,ma_30,price_range
AAPL,2019-12-31,72.4825,73.42,72.38,73.4125,100805600,0.0,0,,,,,0.014166524774391369
AAPL,2020-01-02,74.06,75.15,73.7975,75.0875,135480400,0.3419,8,0.02281627788183216,,,,0.018012318961212002
AAPL,2020-01-03,74.2875,75.145,74.125,74.3575,146322800,0.0085,6,-0.009721991010487763,,,,0.01371751336448907
AAPL,2020-01-06,73.4475,74.99,73.1875,74.95,118387200,0.7793,2,0.007968261439666557,,,,0.024049366244162707
AAPL,2020-01-07,74.96,75.225,74.37,74.5975,108872000,0.0229,3,-0.0047031354236157785,,,,0.011461510104225876
AAPL,2020-01-08,74.29,76.11,74.29,75.7975,132079200,-0.0972,6,0.016086329970843583,,,,0.02401134602064703
AAPL,2020-01-09,76.81,77.6075,76.55,77.4075,170108400,0.1531,4,0.02124080609518786,,75.08714285714287,,0.013661466912120978
AAPL,2020-01-10,77.65,78.1675,77.0625,77.5825,140644800,0.4435,4,0.0022607628459774265,0.012705693196058368,75.68285714285715,,0.014242902716463172
AAPL,2020-01-13,77.91,79.2675,77.7875,79.24,121532000,0.0237,4,0.021364354074694614,0.012432274500331514,76.27607142857143,,0.01867743563856643
AAPL,2020-01-14,79.175,79.3925,78.0425,78.17,161954400,0.4973,4,-0.013503281171125647,0.013366766637526534,76.82071428571429,,0.01727005244978885
AAPL,2020-01-15,77.9625,78.875,77.3875,77.835,121923600,0.2714,7,-0.004285531533836595,0.014041597821982154,77.23285714285714,,0.019110939808569375
AAPL,2020-01-16,78.3975,78.925,78.0225,78.81,108829200,-0.1132,2,0.012526498361919547,0.013453954319573995,77.83464285714285,,0.011451592437507973
AAPL,2020-01-17,79.0675,79.685,78.75,79.6825,137816400,0.2122,3,0.011070930085014696,0.013077062799971173,78.38964285714285,,0.011734069588680103
AAPL,2020-01-21,79.2975,79.755,79.0,79.1425,110843200,0.0,1,-0.006776895805227112,0.012344518675770272,78.6375,,0.009539754240768177
AAPL,2020-01-22,79.645,79.9975,79.3275,79.425,101832400,0.0,0,0.0035695106927378095,0.012337182907470209,78.90071428571427,,0.008435631098520639
AAPL,2020-01-23,79.48,79.89,78.9125,79.8075,104472000,0.0833,3,0.004815864022662986,0.009610621423103389,78.9817857142857,,0.012248222284873054
AAPL,2020-01-24,80.0625,80.8325,79.38,79.5775,146537600,0.0,1,-0.0028819346552643177,0.007544607664240632,79.18285714285715,,0.01825264679086426
AAPL,2020-01-27,77.515,77.9425,76.22,77.2375,161940000,0.1116,5,-0.02940529672332004,0.014301237438796292,79.0975,,0.022301343259427047
AAPL,2020-01-28,78.15,79.6,78.0475,79.4225,162234000,0.2073,13,0.028289367211522976,0.017639558058664413,79.18499999999999,,0.019547357486858194
AAPL,2020-01-29,81.1125,81.9625,80.345,81.085,216229200,0.2539,7,0.02093235544083849,0.01890400682776122,79.38535714285715,,0.01994820250354575
AAPL,2020-01-30,80.135,81.0225,79.6875,80.9675,126743200,-0.3352,2,-0.0014490966269962158,0.018565472931599776,79.64607142857143,,0.016488097075987203
AAPL,2020-01-31,80.2325,80.67,77.0725,77.3775,199588400,0.3179,6,-0.044338777904714854,0.025884697176567543,79.35357142857143,,0.046492843526865
AAPL,2020-02-03,76.075,78.3725,75.555,77.165,173788400,0.1137,3,-0.0027462763723303807,0.025639649015309,78.97607142857143,,0.03651266766020858
AAPL,2020-02-04,78.8275,79.91,78.4075,79.7125,136616400,0.0,1,0.03301367200155503,0.029342683657723093,78.99535714285715,,0.018848988552610916
AAPL,2020-02-05,80.88,81.19,79.7375,80.3625,118826800,0.4164,2,0.00815430453191146,0.02620479155836881,79.44178571428571,,0.018074350598848973
AAPL,2020-02-06,80.6425,81.305,80.065,81.3025,105425600,-0.0725,2,0.01169699797791246,0.02454849679403068,79.71035714285713,,0.015251683527566916
AAPL,2020-02-07,80.5925,80.85,79.5,80.0075,117684000,0.0809,3,-0.015928169490483146,0.02416359743437037,79.55642857142857,,0.016873418117051456
AAPL,2020-02-10,78.545,80.3875,78.4625,80.3875,109348800,-0.2986,3,0.00474955472924421,0.024285748208193018,79.47357142857143,,0.023946509096563484
AAPL,2020-02-11,80.9,80.975,79.6775,79.9025,94323200,-0.5374,1,-0.0060332763178354565,0.015592350157591818,79.83428571428571,,0.016238540721504324
AAPL,2020-02-12,80.3675,81.805,80.3675,81.8,113730400,0.3878,3,0.023747692500234674,0.016662175535407005,80.49642857142858,78.38708333333334,0.017573349633251835
AAPL,2020-02-13,81.0475,81.555,80.8375,81.2175,94747600,0.0,0,-0.00712102689486549,0.01340157753876662,80.71142857142857,78.64725,0.008834302951950024
AAPL,2020-02-14,81.185,81.495,80.7125,81.2375,80113600,-0.144,2,0.00024625234709252375,0.013202135904693695,80.83642857142857,78.85225,0.009632251115556226
AAPL,2020-02-18,78.84,79.9375,78.6525,79.75,152531200,-0.195,7,-0.01831050930912448,0.014218394308902161,80.61464285714285,79.032,0.01611285266457676
AAPL,2020-02-19,80.0,81.1425,80.0,80.905,93984000,0.4727,3,0.014482758620689706,0.014135915530140786,80.74285714285715,79.23049999999999,0.014121500525307439
AAPL,2020-02-20,80.6575,81.1625,79.5525,80.075,100566000,0.343,3,-0.010258945677028564,0.01471896625887813,80.69821428571429,79.41308333333333,0.020106150483921316
AAPL,2020-02-21,79.655,80.1125,77.625,78.2625,129554000,0.0163,7,-0.022635029659693995,0.016936430049953852,80.46392857142857,79.49525,0.03178406005430438
AAPL,2020-02-24,74.315,76.045,72.3075,74.545,222195200,-0.1638,6,-0.04750039929723693,0.01951133193037373,79.42750000000001,79.39983333333333,0.05013750083841971
AAPL,2020-02-25,75.2375,75.6325,71.5325,72.02,230673600,-0.0218,6,-0.03387215775705954,0.02074554010780741,78.11357142857142,79.21441666666666,0.05692863093585108
AAPL,2020-02-26,71.6325,74.47,71.625,73.1625,198054800,-0.0187,6,0.015863648986392587,0.023540275050157326,76.96000000000001,79.01183333333333,0.038886041346318116
AAPL,2020-02-27,70.275,71.5,68.24,68.38,320605600,0.34,1,-0.06536818725439941,0.03047334885113981,75.33571428571429,78.6855,0.04767475870137475
AAPL,2020-02-28,64.315,69.6025,64.0925,68.34,426510000,0.1227,7,-0.0005849663644339476,0.027949991912603105,73.54071428571429,78.369,0.08062628036289149
AAPL,2020-03-02,70.57,75.36,69.43,74.7025,341397200,0.2454,27,0.09310067310506298,0.052562945359344054,72.77321428571427,78.23208333333334,0.07938154680231575
AAPL,2020-03-03,75.9175,76.0,71.45,72.33,319475600,0.08,12,-0.031759311937351486,0.05307633118128365,71.92571428571428,77.98700000000001,0.06290612470620763
AAPL,2020-03-04,74.11,75.85,73.2825,75.685,219178400,0.1693,8,0.046384626019632336,0.053881916707965535,72.08857142857143,77.87174999999999,0.03392349871176581
AAPL,2020-03-05,73.88,74.8875,72.8525,73.23,187572800,0.0322,9,-0.032437074717579395,0.053718972886406986,72.26142857142857,77.66525,0.02778915744913282
AAPL,2020-03-06,70.5,72.705,70.3075,72.2575,226176800,0.1505,7,-0.013280076471391622,0.05373944326719981,72.13214285714285,77.41358333333334,0.03317994671833365
AAPL,2020-03-09,65.9375,69.5225,65.75,66.5425,286744800,0.1503,7,-0.0790921357644534,0.05666827412765759,71.86964285714286,76.97908333333334,0.056693090881767196
AAPL,2020-03-10,69.285,71.61,67.3425,71.335,285290000,-0.0933,7,0.07202164030506797,0.06333502868579595,72.2975,76.78233333333334,0.05982336861288286
AAPL,2020-03-11,69.3475,70.305,67.965,68.8575,255598800,0.0062,5,-0.03473049695100572,0.052087345901721066,71.4625,76.43016666666666,0.033983226228079776
AAPL,2020-03-12,63.985,67.5,62.0,62.0575,418474000,0.1267,7,-0.0987546745089497,0.061894943353964865,69.995,75.79591666666667,0.08862748257664263
AAPL,2020-03-13,66.2225,69.98,63.2375,69.4925,370732000,-0.1074,7,0.11980824235587972,0.07890166647269287,69.11035714285715,75.41341666666668,0.09702485879771207
AAPL,2020-03-16,60.4875,64.77,60.0,60.5525,322423600,-0.1234,14,-0.12864697629240573,0.09101407321030967,67.29928571428572,74.85258333333334,0.07877461706783363
AAPL,2020-03-17,61.8775,64.4025,59.6,63.215,324056000,0.1524,10,0.04397010858346073,0.09456131271684372,66.00750000000001,74.38758333333334,0.07597089298426009
AAPL,2020-03-18,59.9425,62.5,59.28,61.6675,300233600,0.2093,9,-0.02447994937910314,0.09056642963198461,65.31107142857142,73.78608333333334,0.052215510601208076
AAPL,2020-03-19,61.8475,63.21,60.6525,61.195,271857200,0.1426,5,-0.0076620586208293595,0.08368727668634258,63.862500000000004,73.14716666666666,0.04179263011683957
AAPL,2020-03-20,61.795,62.9575,57.0,57.31,401693200,-0.1021,5,-0.063485578887164,0.08529881942827798,62.212857142857146,72.34741666666667,0.10395218984470429
AAPL,2020-03-23,57.02,57.125,53.1525,56.0925,336752800,0.1993,4,-0.021244110975397024,0.07855214693701337,61.36071428571428,71.55025,0.07082051967731866
AAPL,2020-03-24,59.09,61.9225,58.575,61.72,287531200,0.2432,6,0.10032535543967547,0.07328547366897983,60.25035714285715,70.92800000000001,0.05423687621516521
AAPL,2020-03-25,62.6875,64.5625,61.075,61.38,303602000,0.1855,4,-0.00550874918988975,0.05338537571662115,60.368571428571435,70.31058333333334,0.05681818181818177
AAPL,2020-03-26,61.63,64.67,61.59,64.61,252087200,0.1654,8,0.05262300423590749,0.054575520385688976,60.56785714285714,69.73758333333333,0.04767063921993497
AAPL,2020-03-27,63.1875,63.9675,61.7625,61.935,204216800,-0.1551,6,-0.04140225971211886,0.05641023653292635,60.60607142857142,69.09483333333334,0.03560184063937997
AAPL,2020-03-30,62.685,63.88,62.35,63.7025,167976400,-0.0059,6,0.028537983369661735,0.05703808265724586,60.964285714285715,68.51033333333334,0.024017895686982475
AAPL,2020-03-31,63.9,65.6225,63.0,63.5725,197002000,0.0395,3,-0.002040736234841689,0.048441333588064746,61.85892857142857,67.97108333333334,0.041252113728420345
AAPL,2020-04-01,61.625,62.18,59.7825,60.2275,176218400,-0.2672,3,-0.052617090723190096,0.05362460434164962,62.44964285714286,67.28183333333332,0.03980739695321906
AAPL,2020-04-02,60.085,61.2875,59.225,61.2325,165934000,-0.0797,4,0.01668672948403982,0.03736594299268331,62.379999999999995,66.65375,0.033683093128649
AAPL,2020-04-03,60.7,61.425,59.7425,60.3525,129880000,0.0,1,-0.014371453068223627,0.03771125124920774,62.23321428571428,66.05675000000001,0.027877884097593265
AAPL,2020-04-06,62.725,65.7775,62.345,65.6175,201820400,0.4199,1,0.08723747980613905,0.047129810567629105,62.377142857142864,65.75916666666667,0.05231074027507912
AAPL,2020-04-07,67.7,67.925,64.75,64.8575,202887200,-0.2097,5,-0.011582276069646125,0.043651235480729494,62.79464285714287,65.52041666666666,0.04895347492579882
AAPL,2020-04-08,65.685,66.8425,65.3075,66.5175,168895200,0.0073,3,0.02559457271711052,0.04342736312287144,63.19678571428572,65.29891666666667,0.023076633968504477
AAPL,2020-04-09,67.175,67.5175,66.175,66.9975,161834800,0.2463,2,0.007216146126959089,0.0432472175892197,63.68607142857143,65.25283333333333,0.020038061121683663
AAPL,2020-04-13,67.0775,68.425,66.4575,68.3125,131022800,0.2621,2,0.019627598044703154,0.033893009728137594,64.84107142857144,65.25191666666667,0.028801463860933227
AAPL,2020-04-14,70.0,72.0625,69.5125,71.7625,194994800,0.2133,2,0.05050320219579141,0.03591932664303103,66.34535714285714,65.15391666666667,0.035533879115136696
AAPL,2020-04-15,70.6,71.5825,70.1575,71.1075,131154400,0.5423,1,-0.009127329733495948,0.03504275196366613,67.88178571428571,65.11316666666667,0.020040080160320602
AAPL,2020-04-16,71.845,72.05,70.5875,71.6725,157125200,0.0954,4,0.007945715993390223,0.021454788314335407,68.74678571428572,64.97941666666667,0.020405315846384477
AAPL,2020-04-17,71.1725,71.7375,69.215,70.7,215250000,0.3063,4,-0.013568663015800952,0.021841942845664306,69.58142857142857,64.89508333333333,0.03567892503536059
AAPL,2020-04-20,69.4875,70.42,69.2125,69.2325,130015200,0.0,1,-0.020756718528995743,0.02414952815422042,69.96928571428572,64.79424999999999,0.017441230635900713
AAPL,2020-04-21,69.07,69.3125,66.3575,67.0925,180991600,-0.1085,5,-0.030910338352652333,0.027840880040667093,69.98285714285714,64.81258333333334,0.044043671051160686
AAPL,2020-04-22,68.4025,69.475,68.05,69.025,116862400,-0.2218,1,0.02880351753176602,0.029078410802375793,70.08464285714287,64.73558333333334,0.020644693951466817
AAPL,2020-04-23,68.9675,70.4375,68.7175,68.7575,124814400,0.0,0,-0.0038754074610649614,0.019645164799252553,69.65535714285714,64.73225,0.02501545285968802
AAPL,2020-04-24,69.3,70.7525,69.25,70.7425,126161200,0.17,2,0.028869577864233165,0.023487248337124015,69.60321428571429,65.02175000000001,0.021239000600770365
AAPL,2020-04-27,70.45,71.135,69.9875,70.7925,117087600,0.0,0,0.0007067887055165478,0.02321120817584562,69.47749999999999,65.06508333333333,0.016209344210191868
AAPL,2020-04-28,71.27,71.4575,69.55,69.645,112004800,0.0,0,-0.016209344210191823,0.023459549052513778,69.32678571428572,65.36816666666667,0.02738890085433267
AAPL,2020-04-29,71.1825,72.4175,70.9725,71.9325,137280800,0.0,1,0.03284514322636234,0.024981332815351538,69.7125,65.65875,0.020088277204323598
AAPL,2020-04-30,72.49,73.6325,72.0875,73.45,183064000,-0.098,5,0.021096166545024886,0.019364237234261943,70.62071428571429,66.0515,0.021034717494894314
AAPL,2020-05-01,71.5625,74.75,71.4625,72.2675,240616800,0.286,2,-0.0160993873383255,0.02071508869266401,71.08392857142857,66.42058333333334,0.0454907115923478
AAPL,2020-05-04,72.2925,73.4225,71.58,73.29,133568000,0.0,0,0.014148822084616208,0.02028830564505187,71.73142857142857,66.95325,0.025139855369081743
AAPL,2020-05-05,73.765,75.25,73.615,74.39,147751200,0.0,1,0.015008868877063541,0.018676589995417586,72.2525,67.56316666666666,0.021978760586100352
AAPL,2020-05-06,75.115,75.81,74.7175,75.1575,142333600,0.0,1,0.010317246941793146,0.018458235525148966,72.87607142857144,68.01108333333333,0.014536140771047482
AAPL,2020-05-07,75.805,76.2925,75.4925,75.935,115215200,0.1027,1,0.010344942287862091,0.014855761341707345,73.77464285714287,68.49625,0.01053532626588526
AAPL,2020-05-08,76.41,77.5875,76.0725,77.5325,133838400,0.1435,2,0.02103772963718975,0.01267385275947933,74.57464285714286,68.92699999999999,0.019540192822364823
AAPL,2020-05-11,77.025,79.2625,76.81,78.7525,145946400,0.0,1,0.015735336794247656,0.012099517248874942,75.33214285714287,69.48758333333333,0.031141868512110735
AAPL,2020-05-12,79.4575,79.9225,77.7275,77.8525,162301200,0.1436,4,-0.01142820862829741,0.010429159171277656,76.13000000000001,69.95925000000001,0.028194341864423017
AAPL,2020-05-13,78.0375,78.9875,75.8025,76.9125,200622400,0.1256,7,-0.012074114511415934,0.013311141592178978,76.64750000000001,70.40391666666666,0.041410693970420964
AAPL,2020-05-14,76.1275,77.4475,75.3825,77.385,158929200,0.1594,5,0.006143344709897747,0.012834427568673583,77.07535714285714,70.97583333333334,0.026684758028041763
AAPL,2020-05-15,75.0875,76.975,75.0525,76.9275,166348400,-0.0172,3,-0.005911998449312006,0.013323195276901833,77.32821428571428,71.499,0.024991063013876696
AAPL,2020-05-18,78.2925,79.125,77.58,78.74,135178400,0.0,1,0.023561145234149095,0.015265181398653582,77.72892857142857,72.11191666666667,0.01962153924307851
AAPL,2020-05-19,78.7575,79.63,78.2525,78.285,101729600,0.0,0,-0.005778511557023136,0.013965433892178828,77.83642857142857,72.53416666666666,0.017595963466819926
AAPL,2020-05-20,79.17,79.88,79.13,79.8075,111504800,0.1654,2,0.01944817014753797,0.01465145696900288,77.98714285714286,73.0325,0.0093976130062964
AAPL,2020-05-21,79.665,80.2225,78.9675,79.2125,102688800,0.2107,2,-0.007455439651661844,0.014111877977928816,78.18142857142857,73.45566666666667,0.01584345905002361
AAPL,2020-05-22,78.9425,79.8075,78.8375,79.7225,81803200,0.0,0,0.006438377781284421,0.012561379791080678,78.58285714285714,73.87983333333334,0.012167204992317087
AAPL,2020-05-26,80.875,81.06,79.125,79.1825,125522000,0.2326,3,-0.006773495562733101,0.01332626293835984,78.83964285714285,74.24216666666668,0.024437217819594004
AAPL,2020-05-27,79.035,79.6775,78.2725,79.5275,112945200,0.1461,6,0.004357023332175691,0.012685102267843295,79.21107142857143,74.50099999999999,0.017666844802112492
AAPL,2020-05-28,79.1925,80.86,78.9075,79.5625,133560800,0.0,0,0.0004400993367073003,0.009638752346248477,79.32857142857144,74.78283333333333,0.02454045561665358
AAPL,2020-05-29,79.8125,80.2875,79.1175,79.485,153532400,0.0,0,-0.0009740769835034913,0.009192734381358054,79.5,75.04325,0.014719758444989463
AAPL,2020-06-01,79.4375,80.5875,79.3025,80.4625,80791200,0.4161,2,0.012297917846134654,0.007122356977832492,79.59357142857142,75.36866666666667,0.01597017244057804
AAPL,2020-06-02,80.1875,80.86,79.7325,80.835,87642800,0.0,0,0.004629485785303533,0.006063404093311632,79.82535714285714,75.75541666666666,0.013948166017195495
AAPL,2020-06-03,81.165,81.55,80.575,81.28,104491200,0.0,0,0.005505041133172517,0.005982775930843789,80.04785714285715,76.22833333333332,0.011995570866141662
AAPL,2020-06-04,81.0975,81.405,80.195,80.58,87560400,0.0,1,-0.008612204724409489,0.006491061471920962,80.24749999999999,76.6135,0.015016133035492776
AAPL,2020-06-05,80.8375,82.9375,80.8075,82.875,137250400,-0.2732,1,0.028481012658227778,0.011833864032389634,80.72571428571429,77.08408333333334,0.025701357466063293
AAPL,2020-06-08,82.5625,83.4,81.83,83.365,95654400,0.0,1,0.005912518853695259,0.011586075445945226,81.26892857142857,77.50483333333334,0.018832843519462693
AAPL,2020-06-09,83.035,86.4025,83.0025,85.9975,147712400,0.0,1,0.031578000359863356,0.014206278710343074,82.19928571428571,78.01166666666667,0.039536033024215884
AAPL,2020-06-10,86.975,88.6925,86.5225,88.21,166651600,0.3182,1,0.025727492078257974,0.01521867105640628,83.30607142857143,78.6305,0.02460038544382725
AAPL,2020-06-11,87.3275,87.765,83.87,83.975,201662400,0.1132,2,-0.048010429656501485,0.02792672607344128,83.75464285714285,79.03191666666666,0.046382852039297366
AAPL,2020-06-12,86.18,86.95,83.555,84.7,200146000,0.016,6,0.008633521881512563,0.027946294983938236,84.24321428571429,79.40691666666666,0.04008264462809912
AAPL,2020-06-15,83.3125,86.42,83.145,85.7475,138808800,0.4404,1,0.012367178276269097,0.027202546134488324,84.98142857142857,79.85625,0.03819353333916447
AAPL,2020-06-16,87.865,88.3,86.18,88.02,165428800,0.0,0,0.02650223038572541,0.026978649006423785,85.71642857142857,80.34725,0.024085435128379806
AAPL,2020-06-17,88.7875,88.85,87.7725,87.8975,114406400,0.0256,5,-0.0013917291524653264,0.027255931000218905,86.36392857142856,80.7975,0.012258596660883423
AAPL,2020-06-18,87.8525,88.3625,87.305,87.9325,96820400,-0.0049,4,0.0003981910748316331,0.0252157616410967,86.64035714285714,81.22333333333333,0.012026270150399344
AAPL,2020-06-19,88.66,89.14,86.2875,87.43,264476000,0.1433,7,-0.005714610638842266,0.023317263531731965,86.52892857142857,81.6065,0.03262610088070463
AAPL,2020-06-22,87.835,89.865,87.7875,89.7175,135445200,0.0991,3,0.02616378817339582,0.012965699592813927,87.3492857142857,82.01266666666668,0.023156017499373037
AAPL,2020-06-23,91.0,93.095,90.5675,91.6325,212155600,0.0312,6,0.02134477666007184,0.013683666853503581,88.33964285714286,82.44200000000001,0.02758300821215184
AAPL,2020-06-24,91.25,92.1975,89.63,90.015,192623200,-0.1609,5,-0.017652033939922984,0.0174961377355459,88.94928571428571,82.84741666666667,0.028523023940454476
AAPL,2020-06-25,90.175,91.25,89.3925,91.21,137522400,0.0278,4,0.013275565183580529,0.01566951042552554,89.40499999999999,83.32400000000001,0.02036509154697952
AAPL,2020-06-26,91.1025,91.33,88.255,88.4075,205256800,0.6064,2,-0.03072579760991112,0.020807399698279556,89.47785714285715,83.69141666666665,0.03478211690184659
AAPL,2020-06-29,88.3125,90.5425,87.82,90.445,130646000,0.0976,2,0.02304668721545111,0.022396133346918895,89.83678571428572,84.14200000000001,0.030101166454751627
AAPL,2020-06-30,90.02,91.495,90.0,91.2,140223200,0.1382,5,0.008347614572392192,0.021980350944552026,90.37535714285714,84.55733333333333,0.016392543859649174
AAPL,2020-07-01,91.28,91.84,90.9775,91.0275,110737200,0.0,0,-0.001891447368421062,0.020234057313177945,90.5625,84.98208333333334,0.009475158605915763
AAPL,2020-07-02,91.9625,92.6175,90.91,91.0275,114041600,0.575,2,0.0,0.01840217625972598,90.47607142857143,85.35608333333334,0.018758067616929063
AAPL,2020-07-06,92.5,93.945,92.4675,93.4625,118655600,0.0,0,0.026750157919310125,0.019257909962137783,90.96857142857142,85.83108333333332,0.015808479336632254
AAPL,2020-07-07,93.8525,94.655,93.0575,93.1725,112424400,0.0,0,-0.0031028487361242085,0.019156579654643905,91.24892857142858,86.27941666666668,0.017145617000724426
AAPL,2020-07-08,94.18,95.375,94.09,95.3425,117092000,0.2356,6,0.02329013389143797,0.013148559440672286,92.23964285714285,86.81808333333333,0.013477725043920566
AAPL,2020-07-09,96.2625,96.3175,94.6725,95.7525,125642800,0.3108,3,0.004300285811678961,0.012137197787337042,92.99785714285714,87.35891666666667,0.017179708101616106
AAPL,2020-07-10,95.335,95.98,94.705,95.92,90257200,0.0,0,0.0017493015848151217,0.012381394151617873,93.67214285714286,87.90416666666667,0.013292326939115988
AAPL,2020-07-13,97.265,99.955,95.2575,95.4775,191649200,0.3024,2,-0.004613219349457798,0.012755220439458552,94.30785714285715,88.43724999999999,0.049200073315702704
AAPL,2020-07-14,94.84,97.255,93.8775,97.0575,170989200,-0.1406,1,0.016548401455840356,0.012794433580353379,95.1692857142857,88.99041666666668,0.03479895937974909
AAPL,2020-07-15,98.99,99.2475,96.49,97.725,153198000,0.3846,4,0.006877366509543181,0.010215336480446736,95.77821428571428,89.55341666666666,0.02821693527756467
AAPL,2020-07-16,96.5625,97.405,95.905,96.5225,110577600,0.0,0,-0.012304937324123855,0.012070956836193697,96.25678571428571,90.06150000000001,0.015540418037245204
AAPL,2020-07-17,96.9875,97.1475,95.84,96.3275,92186800,0.2374,2,-0.0020202543448417654,0.009161640590598605,96.39750000000001,90.58641666666666,0.013573486283771408
AAPL,2020-07-20,96.4175,98.5,96.0625,98.3575,90318000,0.0,4,0.021073940463522955,0.011821878011184457,96.76964285714284,91.10249999999999,0.024782045090613325
AAPL,2020-07-21,99.1725,99.25,96.7425,97.0,103433200,-0.1626,2,-0.013801692804310872,0.013618398603914048,96.92392857142856,91.557,0.025850515463917454
AAPL,2020-07-22,96.6925,97.975,96.6025,97.2725,89001600,0.0,1,0.002809278350515365,0.013332702186259933,97.18035714285715,91.93283333333333,0.014109846051042053
AAPL,2020-07-23,96.9975,97.0775,92.01,92.845,197004400,-0.0952,4,-0.045516461487059456,0.021033008308169652,96.57857142857144,92.08733333333333,0.05458021433572078
AAPL,2020-07-24,90.9875,92.97,89.145,92.615,185438800,0.3071,1,-0.00247724702461094,0.020355372752317157,95.84857142857143,92.37533333333334,0.04130000539869355
AAPL,2020-07-27,93.71,94.905,93.48,94.81,121214000,-0.0174,2,0.023700264535982285,0.023268427225596498,95.60392857142857,92.71233333333333,0.015030060120240451
AAPL,2020-07-28,94.3675,94.55,93.2475,93.2525,103625600,0.177,3,-0.016427592026157622,0.023867103253378267,95.16464285714285,92.9625,0.01396745395565797
AAPL,2020-07-29,93.75,95.23,93.7125,95.04,90329200,0.0546,2,0.019168386906517343,0.023537018960219657,94.6907142857143,93.1965,0.01596696127946126
AAPL,2020-07-30,94.1875,96.2975,93.7675,96.19,158130000,0.3475,20,0.01210016835016825,0.023891706798166983,94.575,93.47291666666666,0.026302110406487174
AAPL,2020-07-31,102.885,106.415,100.825,106.26,374336800,0.2679,19,0.1046886370724609,0.046703500157750946,95.85892857142858,94.08383333333333,0.05260681347637872
AAPL,2020-08-03,108.2,111.6375,107.8925,108.9375,308151200,0.1428,13,0.025197628458498045,0.03875557031015774,98.15785714285714,94.80075000000001,0.03437751004016069
AAPL,2020-08-04,109.1325,110.79,108.3875,109.665,173071600,0.247,7,0.006678141135972426,0.03786897348059734,100.59357142857142,95.46566666666666,0.021907627775498137
AAPL,2020-08-05,109.3775,110.3925,108.8975,110.0625,121776800,0.22,4,0.0036246751470385696,0.038735428247485756,102.77250000000001,96.07999999999998,0.013583191368540644
AAPL,2020-08-06,110.405,114.4125,109.7975,113.9025,202428800,0.0952,18,0.034889267461669426,0.03488253729772513,105.7225,96.87625,0.040517108930883824
AAPL,2020-08-07,113.205,113.675,110.2925,111.1125,198045600,0.3139,5,-0.024494633568183377,0.040486963847588986,108.01857142857143,97.53966666666666,0.03044211947350652
AAPL,2020-08-10,112.6,113.775,110.0,112.7275,212403600,0.0551,12,0.014534818314771103,0.040385641627770905,110.38107142857143,98.35033333333334,0.0334878357100087
AAPL,2020-08-11,111.97,112.4825,109.1075,109.375,187902400,0.0776,6,-0.029739859395444768,0.024052271198968467,110.82607142857144,98.98133333333334,0.030857142857142857
AAPL,2020-08-12,110.4975,113.275,110.2975,113.01,165598000,0.3298,2,0.03323428571428577,0.02536720599327519,111.40785714285714,99.70833333333333,0.026347225909211628
AAPL,2020-08-13,114.43,116.0425,113.9275,115.01,210082000,0.1088,20,0.01769754888947883,0.02578857153686818,112.17142857142858,100.50775,0.018389705243022424
AAPL,2020-08-14,114.83,115.0,113.045,114.9075,165565200,0.2168,8,-0.0008912268498392217,0.025946195934089894,112.86357142857142,101.30375,0.017013684920479503
AAPL,2020-08-17,116.0625,116.0875,113.9625,114.6075,119561600,0.2761,2,-0.0026107956399712418,0.022776092526206916,112.96428571428571,102.00858333333333,0.01854154396527278
AAPL,2020-08-18,114.3525,116.0,114.0075,115.5625,105633600,-0.1105,7,0.00833278799380488,0.01981371207365463,113.60000000000001,102.75491666666667,0.01724175229853981
AAPL,2020-08-19,115.9825,117.1625,115.61,115.7075,145538000,-0.0686,4,0.0012547322877229927,0.01947008862603876,114.0257142857143,103.43374999999999,0.013417453492643044
AAPL,2020-08-20,115.75,118.3925,115.7325,118.275,126907200,0.3202,11,0.022189572845321193,0.013493644699198646,115.29714285714286,104.1845,0.0224899598393574
AAPL,2020-08-21,119.2625,124.8675,119.25,124.37,338054800,0.2196,26,0.05153244557176073,0.019068371531927975,116.91999999999999,105.13283333333334,0.045167644930449516
AAPL,2020-08-24,128.6975,128.785,123.9375,125.8575,345937600,0.2185,30,0.011960279810243613,0.01900259507946876,118.46964285714284,106.14550000000001,0.03851578173728221
AAPL,2020-08-25,124.6975,125.18,123.0525,124.825,211495600,0.0585,18,-0.008203722463897667,0.020071491324846615,119.88642857142858,107.07108333333332,0.01704386140596845
AAPL,2020-08-26,126.18,126.9925,125.0825,126.5225,163022400,0.3121,3,0.013599038654115603,0.019002738962827715,121.58857142857143,108.03099999999999,0.015096129146989752
AAPL,2020-08-27,127.1425,127.485,123.8325,125.01,155552400,0.2047,15,-0.011954395463257383,0.021466214597355794,122.93821428571428,108.98058333333333,0.029217662586993067
AAPL,2020-08-28,126.0125,126.4425,124.5775,124.8075,187630000,0.0659,6,-0.0016198704103671524,0.02172047799583599,124.23821428571429,109.92991666666667,0.014943012238847784
AAPL,2020-08-31,127.58,131.0,126.0,129.04,225702700,0.1194,31,0.03391222482623224,0.023126900290803377,125.77607142857143,110.95266666666666,0.038747675139491636
AAPL,2020-09-01,132.76,134.8,130.53,134.18,151948100,0.1584,23,0.03983261004339744,0.020078493446252,127.17750000000001,112.19200000000001,0.0318229244298704
AAPL,2020-09-02,137.59,137.98,127.0,131.4,200119000,0.0936,17,-0.020718437919213017,0.02336795635174302,127.9692857142857,113.32958333333333,0.08356164383561636
AAPL,2020-09-03,126.91,128.84,120.5,120.88,257599600,0.1613,23,-0.08006088280060886,0.0404184818358683,127.4057142857143,114.26408333333333,0.06899404367968236
AAPL,2020-09-04,120.07,123.7,110.89,120.96,332607200,0.1149,25,0.0006618133686300265,0.03977788031921621,126.61107142857142,115.20891666666667,0.1059027777777778
AAPL,2020-09-08,113.95,118.99,112.68,112.82,231366600,0.0413,21,-0.0672949735449736,0.04620650809214119,124.86964285714285,115.80925,0.05592979968090754
AAPL,2020-09-09,117.26,119.14,115.26,117.32,176940500,0.2072,16,0.039886544938840585,0.05046857337716241,123.79999999999998,116.61149999999999,0.033071939993181004
AAPL,2020-09-10,120.36,120.5,112.5,113.49,182274400,0.0851,19,-0.03264575519945445,0.04750891808929125,121.57857142857142,117.2265,0.07049079214027668
AAPL,2020-09-11,114.57,115.23,110.0,112.0,180860300,0.0565,23,-0.013128910036126484,0.04063384783564983,118.40999999999998,117.7535,0.046696428571428604
AAPL,2020-09-14,114.72,115.93,112.8,115.36,140150100,0.3086,16,0.030000000000000027,0.04568227193639459,116.11857142857141,118.05683333333333,0.027132454923717145
AAPL,2020-09-15,118.33,118.83,113.61,115.54,184642000,0.0555,25,0.0015603328710125375,0.03656239091013665,115.35571428571428,118.27691666666666,0.045179158732906344
AAPL,2020-09-16,115.23,116.0,112.04,112.13,154679000,0.0551,17,-0.029513588367664934,0.037434918242907796,114.09428571428573,118.35908333333333,0.03531615089628105
AAPL,2020-09-17,109.72,112.2,108.71,110.34,178011000,-0.1351,25,-0.015963613662712817,0.02828821790282478,113.74,118.36833333333334,0.03162950879100969
AAPL,2020-09-18,110.4,110.88,106.09,106.84,287104900,0.0224,29,-0.03172013775602678,0.02265272817354242,112.24285714285715,118.13291666666667,0.04483339573193553
AAPL,2020-09-21,104.54,110.19,103.1,110.08,195713800,0.0577,20,0.030325720703856085,0.025855234803878677,111.75571428571429,118.0985,0.06440770348837213
AAPL,2020-09-22,112.68,112.86,109.16,111.81,183055400,0.0451,15,0.015715843023255793,0.026460991146371807,111.72857142857143,118.06791666666666,0.0330918522493516
AAPL,2020-09-23,111.62,112.11,106.77,107.12,150718700,0.3098,16,-0.0419461586620159,0.026862105836693385,110.55142857142857,117.99274999999999,0.04985063480209114
AAPL,2020-09-24,105.17,110.25,105.0,108.22,167743300,-0.1605,12,0.01026885735623595,0.02768761257851506,109.50571428571428,117.83308333333335,0.04851228978007762
AAPL,2020-09-25,108.43,112.44,107.67,112.28,149981400,-0.1069,16,0.03751617076326008,0.030815358361054906,109.52714285714286,117.74208333333333,0.042483078019237584
AAPL,2020-09-28,115.01,115.32,112.78,114.96,137672400,0.2378,10,0.02386889918061974,0.030924592974576677,110.18714285714286,117.74383333333334,0.022094641614474532
AAPL,2020-09-29,114.55,115.31,113.57,114.09,99382200,0.0561,5,-0.007567849686847539,0.027086049296235065,111.22285714285714,117.72658333333334,0.015251117538785249
AAPL,2020-09-30,113.79,117.26,113.62,115.81,142675200,-0.1143,7,0.015075817337189878,0.025733917682006897,112.04142857142857,117.73483333333334,0.0314307918141784
AAPL,2020-10-01,117.64,117.72,115.83,116.79,116120400,0.2174,7,0.008462136257663344,0.025495785858121876,112.75285714285714,117.77091666666666,0.016182892370922172
AAPL,2020-10-02,112.89,115.37,112.22,113.02,144712000,0.1411,12,-0.032280160972686156,0.022521258784038708,113.5957142857143,117.59575,0.027871173243673737
AAPL,2020-10-05,113.91,116.65,113.55,116.5,106243800,-0.087,6,0.03079101044062993,0.024156457684022414,114.77857142857144,117.33341666666666,0.02660944206008591
AAPL,2020-10-06,115.7,116.12,112.25,113.16,161498200,0.1202,12,-0.028669527896995728,0.024914971090174813,114.90428571428572,116.91016666666665,0.0341993637327678
AAPL,2020-10-07,114.62,115.55,114.13,115.08,96849000,0.0,1,0.016967126193001114,0.023996450354574678,114.92142857142856,116.58533333333334,0.01233924226624958
AAPL,2020-10-08,116.25,116.4,114.59,114.97,83477200,0.1341,9,-0.0009558567952728803,0.023759645489743624,115.04714285714284,116.20025000000001,0.01574323736626948
AAPL,2020-10-09,115.28,117.0,114.92,116.97,100506900,-0.0909,4,0.017395842393667982,0.023998145759377656,115.21285714285715,115.93225,0.017782337351457626
AAPL,2020-10-12,120.06,125.18,119.28,124.4,240226800,0.189,20,0.06352056082756263,0.03366858014445724,116.3,115.91866666666667,0.04742765273311902
AAPL,2020-10-13,125.27,125.39,119.65,121.1,262330500,0.145,36,-0.026527331189710734,0.032528593766465747,117.4542857142857,115.654,0.0473988439306358
AAPL,2020-10-14,121.0,123.03,119.62,121.19,150712000,0.1429,13,0.0007431874483898593,0.031344184369917906,118.12428571428572,115.22099999999999,0.028137635118409082
AAPL,2020-10-15,118.72,121.2,118.15,120.71,112559200,0.112,12,-0.003960722831916841,0.02799232945102411,119.20285714285714,114.86466666666666,0.025267169248612355
AAPL,2020-10-16,121.28,121.55,118.81,119.02,115393800,0.0615,9,-0.01400049705906714,0.029060226922858628,119.76571428571428,114.80266666666667,0.023021340951100613
AAPL,2020-10-19,119.96,120.42,115.66,115.98,120639300,-0.114,8,-0.0255419257267685,0.031322250747301585,119.91,114.63666666666667,0.041041558889463745
AAPL,2020-10-20,116.2,118.98,115.63,117.51,124423700,0.0425,4,0.013191929643041833,0.031009018220645952,119.98714285714286,114.79299999999999,0.028508212067058194
AAPL,2020-10-21,116.67,118.71,116.45,116.87,89946000,0.0987,3,-0.0054463449919155416,0.014323512336113554,118.91142857142857,114.778,0.0193377256781038
AAPL,2020-10-22,117.45,118.04,114.59,115.75,101988000,0.0,1,-0.009583297681184266,0.012083299612165574,118.14714285714285,114.85333333333332,0.029805615550755966
AAPL,2020-10-23,116.39,116.55,114.28,115.04,82572600,-0.0423,5,-0.006133909287256989,0.011681350206426628,117.26857142857145,114.95466666666667,0.01973226703755212
AAPL,2020-10-26,114.01,116.55,112.88,115.05,111850700,0.2723,8,8.692628650885936e-05,0.01197380806436543,116.46000000000001,114.94433333333335,0.031899174272055644
AAPL,2020-10-27,115.49,117.28,114.54,116.6,92276800,0.1154,1,0.013472403302911662,0.013602547237570352,116.11428571428573,114.97966666666666,0.023499142367066853
AAPL,2020-10-28,115.05,115.43,111.1,111.2,143937800,0.1251,7,-0.046312178387650005,0.020093776460963914,115.43142857142857,114.94866666666667,0.03893884892086342
AAPL,2020-10-29,112.37,116.93,112.2,115.32,146129200,0.1781,25,0.03705035971223003,0.02522416077239478,115.11857142857143,115.11466666666666,0.04101630246271249
AAPL,2020-10-30,111.06,111.99,107.72,108.86,190272600,-0.0557,11,-0.05601803676725625,0.032447014668996015,113.97428571428573,115.182,0.03922469226529484
AAPL,2020-11-02,109.11,110.68,107.32,108.77,122866900,-0.1405,11,-0.0008267499540695056,0.03261764119904701,112.97714285714287,115.13833333333334,0.030890870644479304
AAPL,2020-11-03,109.66,111.49,108.73,110.44,107624400,0.4012,3,0.015353498207226313,0.033852298779190444,112.31999999999998,115.09266666666666,0.024990945309670328
AAPL,2020-11-04,114.14,115.59,112.35,114.95,138235500,0.0431,6,0.04083665338645415,0.03816480141358042,112.30571428571429,115.35366666666667,0.028186167899086637
AAPL,2020-11-05,117.95,119.62,116.87,119.03,126387100,0.0,2,0.03549369290996074,0.04026155927696371,112.65285714285713,115.71399999999998,0.023103419306057298
AAPL,2020-11-06,118.32,119.2,116.13,118.69,114457900,0.2726,5,-0.002856422750567078,0.03416129190423114,113.72285714285715,115.92766666666667,0.02586570056449581
AAPL,2020-11-09,120.5,121.99,116.05,116.32,154515300,-0.0608,9,-0.01996798382340559,0.03338693906077172,113.86571428571428,115.973,0.05106602475928471
AAPL,2020-11-10,115.55,117.59,114.13,115.97,138023400,-0.1247,9,-0.0030089408528197747,0.022270191758299664,114.88142857142857,116.03566666666666,0.029835302233336275
AAPL,2020-11-11,117.19,119.63,116.44,119.49,112295000,0.0889,9,0.030352677416573215,0.02301533029635421,116.41285714285713,116.15833333333333,0.026696794710854448
AAPL,2020-11-12,119.62,120.53,118.57,119.21,103162300,0.2315,5,-0.0023432923257176164,0.02376860386420388,117.66571428571429,116.239,0.016441573693482158
AAPL,2020-11-13,119.44,119.67,117.87,119.26,81581900,0.0,0,0.0004194279003439938,0.019980960100398806,118.28142857142858,116.44699999999999,0.01509307395606236
AAPL,2020-11-16,118.92,120.99,118.15,120.3,91183000,0.0,1,0.008720442730169253,0.015278735302261344,118.46285714285715,116.57366666666667,0.023607647547797084
AAPL,2020-11-17,119.55,120.67,118.96,119.39,74271000,0.3119,6,-0.0075644222776392045,0.015608517408345957,118.56285714285714,116.78133333333334,0.014322807605327146
AAPL,2020-11-18,118.61,119.82,118.0,118.03,76322100,0.2436,5,-0.01139123879721915,0.01394090812255909,118.80714285714285,116.87966666666668,0.015419808523256742
AAPL,2020-11-19,117.59,119.06,116.81,118.64,74113000,0.1771,5,0.005168177581970745,0.013776317031714209,119.18857142857142,117.002,0.018964935940660822
AAPL,2020-11-20,118.64,118.77,117.29,117.34,73604300,0.247,2,-0.010957518543492917,0.007846977051236468,118.88142857142857,117.01433333333334,0.01261291972047034
AAPL,2020-11-23,117.18,117.62,113.75,113.85,127959300,0.0169,7,-0.02974262825975804,0.012915300152540074,118.11571428571429,116.66266666666667,0.03399209486166012
AAPL,2020-11-24,113.91,115.85,112.59,115.17,113874200,0.0987,3,0.011594202898550732,0.014503023371586047,117.53142857142856,116.465,0.028305982460710175
AAPL,2020-11-25,115.55,116.75,115.17,116.03,76499200,-0.2507,5,0.007467222366935866,0.01431362383650123,116.92142857142858,116.29299999999999,0.013617167973799865
AAPL,2020-11-27,116.57,117.49,116.22,116.59,46691300,0.2795,4,0.004826338016030274,0.014713007216144077,116.52142857142857,116.15566666666668,0.010892872459044481
AAPL,2020-11-30,116.97,120.97,116.81,119.05,169410200,0.2879,8,0.021099579723818485,0.01671974854527026,116.66714285714286,116.15666666666668,0.03494330113397729
AAPL,2020-12-01,121.01,123.47,120.01,122.72,127728200,0.1541,10,0.030827383452330936,0.02015581719504001,117.25,116.38133333333333,0.02819426336375484
AAPL,2020-12-02,122.02,123.37,120.89,123.08,89004200,0.3578,5,0.002933507170795213,0.018969929032034937,118.07000000000001,116.567,0.020149496262593467
AAPL,2020-12-03,123.52,123.78,122.21,122.94,78967600,-0.0942,7,-0.0011374715632109789,0.011242831603690358,119.36857142857141,116.76933333333334,0.012770457133561147
AAPL,2020-12-04,122.6,122.86,121.52,122.25,78260400,0.0157,3,-0.005612493899463167,0.0128759226573394,120.38000000000001,116.986,0.010961145194274057
AAPL,2020-12-07,122.31,124.57,122.25,123.75,86712000,0.0,0,0.012269938650306678,0.012931527340023091,121.48285714285716,117.27633333333333,0.018747474747474693
AAPL,2020-12-08,124.37,124.98,123.09,124.38,82225500,0.5387,4,0.005090909090909035,0.012916598619042057,122.5957142857143,117.58733333333333,0.015195369030390744
AAPL,2020-12-09,124.53,125.95,121.0,121.78,115089200,-0.0168,5,-0.0209036822640295,0.015950344260607,122.98571428571428,117.75999999999999,0.04064706848415177
AAPL,2020-12-10,120.5,123.87,120.15,123.24,81312200,0.0,0,0.011988832320578124,0.011514500792206062,123.06000000000002,118.16133333333333,0.030185004868549165
AAPL,2020-12-11,122.43,122.76,120.55,122.41,86939800,-0.3535,1,-0.006734826355079493,0.011773483867189124,122.96428571428571,118.39766666666667,0.018054080548974824
AAPL,2020-12-14,122.6,123.35,121.54,121.78,79184500,-0.1292,3,-0.005146638346540278,0.011894085067645893,122.79857142857142,118.82833333333333,0.014862867465922056
AAPL,2020-12-15,124.34,127.9,124.13,127.88,157243700,0.241,6,0.050090326818853725,0.022461439876351165,123.60285714285713,119.46533333333332,0.029480763215514627
AAPL,2020-12-16,127.41,128.37,126.56,127.81,98208600,0.1119,4,-0.0005473881764153088,0.022450802721313966,124.18285714285716,120.04433333333334,0.014161646193568595
AAPL,2020-12-17,128.9,129.58,128.04,128.7,94359800,-0.3298,2,0.006963461387997638,0.022465526140383583,124.8,120.50266666666667,0.011965811965812126
AAPL,2020-12-18,128.96,129.1,126.12,126.66,192541500,0.3434,5,-0.015850815850815825,0.021553354227735622,125.49714285714285,120.757,0.0235275540817937
AAPL,2020-12-21,125.02,128.31,123.45,128.23,121251600,0.0227,11,0.012395389231012022,0.021573276074157172,126.21,121.075,0.03790064727442876
AAPL,2020-12-22,131.61,134.41,129.65,131.88,168904800,0.1496,20,0.02846447789128903,0.022234612265070744,127.56285714285714,121.59366666666666,0.036093418259023284
AAPL,2020-12-23,132.16,132.43,130.78,130.96,88223700,0.0836,3,-0.006976038823172437,0.022464356671318374,128.87428571428572,122.09333333333333,0.012599266951741033
AAPL,2020-12-24,131.32,133.46,131.1,131.97,54930100,-0.128,1,0.007712278558338337,0.01428454620347979,129.45857142857145,122.50933333333333,0.017882852163370568
AAPL,2020-12-28,133.99,137.34,133.51,136.69,124486200,0.2464,2,0.03576570432674098,0.018171033241284443,130.72714285714284,123.092,0.028019606408662027
AAPL,2020-12-29,138.05,138.79,134.34,134.87,121047300,0.0,2,-0.013314799912210074,0.020198578183082117,131.60857142857142,123.61233333333332,0.03299473567138718
AAPL,2020-12-30,135.58,135.99,133.4,133.72,96452100,0.0,1,-0.008526729443167569,0.01897732755516119,132.61714285714285,124.05966666666667,0.01936883039186362
AAPL,2020-12-31,134.08,134.74,131.72,132.69,99116600,0.0504,3,-0.00770266227938976,0.01969614476740625,133.25428571428571,124.503,0.022759816112744066
AMZN,2019-12-31,92.1,92.663,91.6115,92.392,50130000,0.0,0,,,,,0.011380855485323298
AMZN,2020-01-02,93.75,94.9005,93.2075,94.9005,80580000,0.0,0,0.027150619101220963,,,,0.017839737409181173
AMZN,2020-01-03,93.225,94.31,93.225,93.7485,75288000,0.0,1,-0.012139029825975478,,,,0.01157351850962957
AMZN,2020-01-06,93.0,95.1845,93.0,95.144,81236000,0.4404,1,0.01488557150247738,,,,0.022959934415202218
AMZN,2020-01-07,95.225,95.6945,94.602,95.343,80898000,0.7825,1,0.0020915664676699475,,,,0.011458628320904536
AMZN,2020-01-08,94.902,95.55,94.322,94.5985,70160000,0.0,0,-0.00780864877337617,,,,0.01298117834849384
AMZN,2020-01-09,95.4945,95.891,94.79,95.0525,63346000,0.0,1,0.004799230431772106,,94.45414285714286,,0.01158307251255884
AMZN,2020-01-10,95.2685,95.347,94.0,94.158,57074000,0.0387,1,-0.009410588885089721,0.01430809136832177,94.70642857142857,,0.014305741413368956
AMZN,2020-01-13,94.5655,94.9,94.04,94.565,55616000,0.0,0,0.004322521718812977,0.009687141574026288,94.6585,,0.009094273779939719
AMZN,2020-01-14,94.294,94.3555,92.9275,93.472,68818000,0.4404,1,-0.011558187490086191,0.009572291933646221,94.61900000000001,,0.015277302293735147
AMZN,2020-01-15,93.6125,93.943,92.7545,93.101,57932000,0.0,0,-0.003969103046901679,0.006815805643143413,94.32714285714287,,0.012765706061159437
AMZN,2020-01-16,94.1495,94.2795,93.301,93.897,53190000,0.0,1,0.008549854459135808,0.007971111615882612,94.12057142857142,,0.010420993215970656
AMZN,2020-01-17,94.2945,94.332,92.8625,93.236,79946000,0.0,0,-0.00703962852913298,0.007885016114455346,93.92592857142859,,0.01576107941138612
AMZN,2020-01-21,93.25,94.7135,93.0,94.6,74156000,0.0,2,0.014629542236904047,0.009919737765378158,93.86128571428571,,0.01811310782241011
AMZN,2020-01-22,94.8045,95.125,94.167,94.373,64326000,0.0,0,-0.002399577167018885,0.00921546879668854,93.89200000000001,,0.010151208502431822
AMZN,2020-01-23,94.2555,94.499,93.638,94.229,49692000,0.0,0,-0.0015258601506787928,0.009060386549714642,93.84399999999998,,0.009137314414882785
AMZN,2020-01-24,94.5685,94.7495,92.372,93.082,75324000,0.0,1,-0.012172473442358611,0.009187724355781716,93.78828571428572,,0.025541995230012226
AMZN,2020-01-27,91.0,92.05,90.767,91.417,70570000,0.0,0,-0.01788745407275294,0.011309296943117322,93.54771428571428,,0.01403458875263902
AMZN,2020-01-28,92.025,92.9055,91.501,92.6625,56160000,0.0,0,0.013624380585667728,0.012261864528201726,93.37135714285715,,0.015157156346958035
AMZN,2020-01-29,93.2,93.7375,92.751,92.9,41760000,0.0,1,0.0025630648860111016,0.012117472295867716,93.32335714285713,,0.010618945102260413
AMZN,2020-01-30,92.9,93.6435,92.5305,93.534,126548000,0.5068,17,0.006824542518837573,0.010784105808037585,93.17107142857142,,0.011899416255051634
AMZN,2020-01-31,102.5735,102.786,100.1135,100.436,311346000,0.1881,9,0.07379134860050884,0.030404962711597577,94.03721428571428,,0.026608984826157943
AMZN,2020-02-03,100.53,102.425,100.0125,100.21,117834000,0.0,0,-0.00225018917519626,0.03044921329981447,94.89164285714287,,0.024074443668296523
AMZN,2020-02-04,101.494,102.99,100.7685,102.4835,105786000,-0.1591,2,0.022687356551242432,0.029193390053052715,96.23471428571428,,0.0216766601452916
AMZN,2020-02-05,103.551,103.551,101.6,101.9935,87524000,0.2224,4,-0.004781257470714895,0.027141126422616978,97.74564285714287,,0.019128669964262504
AMZN,2020-02-06,102.051,102.815,101.24,102.5115,63660000,0.0,4,0.005078755018702141,0.027459555877588616,99.15264285714285,,0.015364129878111265
AMZN,2020-02-07,102.0995,104.9265,101.905,103.964,101906000,0.0,1,0.014169141998702672,0.026939857946860518,100.7332142857143,,0.029062944865530408
AMZN,2020-02-10,104.2505,106.78,104.248,106.6955,101124000,0.6523,1,0.02627351775614639,0.02677777645203986,102.61342857142859,,0.023731085191034267
AMZN,2020-02-11,107.545,109.2975,106.8,107.54,114920000,0.4755,2,0.007915047963597432,0.01183341907417198,103.62828571428572,,0.023223916682164794
AMZN,2020-02-12,108.16,109.0125,107.7645,108.0,66686000,0.0,1,0.004277478147665992,0.01094276416963406,104.74114285714286,96.80798333333334,0.011555555555555598
AMZN,2020-02-13,107.2495,108.514,107.1,107.4935,60636000,0.0,0,-0.004689814814814786,0.01087944245978667,105.45685714285716,97.31136666666667,0.013154283747389391
AMZN,2020-02-14,107.784,107.952,106.2945,106.7435,52124000,-0.1909,2,-0.006977166061203688,0.011295816833436088,106.13542857142856,97.70613333333334,0.015527877575683755
AMZN,2020-02-18,106.251,108.3035,106.2055,107.7835,58912000,0.0,0,0.009742982008272172,0.011330144929970445,106.88857142857144,98.17396666666667,0.019464945933282914
AMZN,2020-02-19,108.39,109.255,108.056,108.511,51224000,0.1779,1,0.006749641642737503,0.010913772021924676,107.53814285714284,98.61953333333334,0.011049571011233867
AMZN,2020-02-20,108.6535,108.8395,106.3725,107.655,62626000,-0.0477,2,-0.00788860115564316,0.00755453948223449,107.6752142857143,99.02993333333333,0.022915795829269413
AMZN,2020-02-21,107.1075,107.2275,104.4,104.7985,92926000,-0.051,3,-0.026533834935674072,0.012275644659973788,107.28357142857143,99.36993333333334,0.026980348001164143
AMZN,2020-02-24,100.159,101.965,99.3985,100.4645,130940000,0.0,0,-0.04135555375315492,0.018113247053692196,106.20707142857142,99.55033333333333,0.025546337263411503
AMZN,2020-02-25,101.321,101.73,97.921,98.637,124382000,0.0,0,-0.018190505103792942,0.018155406525799337,104.94185714285713,99.69963333333334,0.03861634072406903
AMZN,2020-02-26,98.514,100.7335,98.0225,98.9795,104492000,0.0,0,0.0034723278282997594,0.01905094272766364,103.83271428571429,99.84678333333333,0.02738950994902998
AMZN,2020-02-27,96.719,98.75,94.138,94.215,162880000,-0.4767,1,-0.04813623022949198,0.021203140782255145,101.89435714285715,99.87155000000001,0.04895186541421212
AMZN,2020-02-28,90.7315,94.488,90.5565,94.1875,189620000,-0.4019,1,-0.00029188558085235794,0.019914622008210366,99.84814285714286,99.90776666666667,0.041741207697412075
AMZN,2020-03-02,95.3245,97.7255,93.5,97.6975,135234000,-0.1909,2,0.03726609157266103,0.029459339347031054,98.42564285714285,100.03445,0.04325085084060489
AMZN,2020-03-03,98.7685,99.8165,94.4045,95.4495,150690000,0.0042,5,-0.023009800660201196,0.029226591664030747,97.09007142857142,100.10823333333333,0.05670013986453576
AMZN,2020-03-04,97.3285,98.9,96.1,98.7915,95458000,0.1944,2,0.03501327927333309,0.03102892888026402,96.85107142857144,100.24794999999999,0.028342519346300152
AMZN,2020-03-05,96.65,98.036,95.5,96.2015,94964000,0.1271,4,-0.026216830395327517,0.03186473640990632,96.50314285714285,100.3089,0.026361335322214324
AMZN,2020-03-06,93.75,95.5435,93.475,95.0545,105472000,-0.2763,3,-0.011922891015212822,0.031864463933911825,95.94242857142856,100.33641666666668,0.021761200153596096
AMZN,2020-03-09,88.693,93.1385,88.0645,90.0305,156264000,0.0,0,-0.052853889084683026,0.03295210514465414,95.34464285714286,100.2347,0.056358678447859314
AMZN,2020-03-10,93.544,94.7135,90.9085,94.591,142666000,-0.1275,6,0.05065505578664986,0.039415930171321244,95.40228571428572,100.34049999999999,0.04022581429522886
AMZN,2020-03-11,92.8925,93.566,90.075,91.043,112496000,0.1782,3,-0.03750885390787695,0.03814860069055637,94.45164285714286,100.28651666666666,0.038344518524213826
AMZN,2020-03-12,86.099,88.25,83.75,83.8305,226924000,-0.0493,6,-0.07922080775018403,0.04649287566616905,92.79178571428572,99.9842,0.0536797466315959
AMZN,2020-03-13,87.75,89.3155,84.031,89.25,176194000,0.0195,5,0.06464830819331868,0.05296381534626591,91.42871428571428,99.84140000000001,0.05921008403361338
AMZN,2020-03-16,82.0755,87.9725,81.3015,84.4575,178346000,0.0,0,-0.053697478991596714,0.0550659639508311,89.751,99.30878333333334,0.07898647248616159
AMZN,2020-03-17,88.7735,92.889,84.462,90.392,218342000,0.1606,5,0.07026611017375606,0.06434192787198435,89.08492857142856,98.98151666666666,0.0932272767501548
AMZN,2020-03-18,87.5,92.083,87.25,91.5,192904000,0.4649,5,0.01225772192229413,0.0609534443986113,89.29485714285715,98.6154,0.05281967213114752
AMZN,2020-03-19,93.0,97.25,91.6325,94.0465,207998000,0.3849,4,0.027830601092896146,0.05860148316193511,89.21707142857143,98.35050000000001,0.05973109047120315
AMZN,2020-03-20,96.3155,97.85,91.0365,92.3045,196358000,-0.134,3,-0.018522752042872348,0.056957095518046896,89.3972857142857,98.01026666666667,0.07381546945165177
AMZN,2020-03-23,91.3875,95.97,90.6,95.1415,156170000,0.7603,1,0.030735229593356728,0.04409455298048208,91.01314285714285,97.71618333333335,0.05644224654856193
AMZN,2020-03-24,97.575,97.75,95.017,97.005,142942000,0.2915,5,0.01958661572499909,0.03936821905167233,92.121,97.39316666666666,0.028173805473944685
AMZN,2020-03-25,96.0345,97.513,94.289,94.292,129582000,0.5199,2,-0.02796763053450846,0.032794968201964064,93.52592857142858,96.95156666666666,0.03419165994994277
AMZN,2020-03-26,95.1,97.8245,94.4645,97.7745,124426000,-0.0261,2,0.03693314385101609,0.02519436642768813,94.58057142857145,96.61071666666666,0.03436478836506451
AMZN,2020-03-27,96.543,96.9895,94.996,95.005,107758000,0.0432,2,-0.028325381362216184,0.0293338021658545,95.08128571428573,96.19443333333332,0.020983106152307897
AMZN,2020-03-30,96.1415,98.6815,95.617,98.1975,122522000,0.0,0,0.033603494552918445,0.030128342995359752,95.67428571428572,95.90956666666666,0.03120751546627964
AMZN,2020-03-31,98.2175,99.651,97.2005,97.486,102472000,0.3823,3,-0.007245601975610416,0.02883628896263488,96.4145,95.56631666666665,0.02513694274049598
AMZN,2020-04-01,96.6485,97.248,94.65,95.385,82438000,0.0,0,-0.02155181256795846,0.028794571123764757,96.44928571428571,95.12878333333333,0.027236986947633265
AMZN,2020-04-02,95.082,96.3765,94.5,95.9415,86720000,0.0,0,0.0058342506683439765,0.027742638440207947,96.29735714285714,94.73833333333333,0.019558793639874224
AMZN,2020-04-03,95.5575,96.3165,94.4575,95.3295,72198000,0.0,0,-0.006378887134347533,0.025375932660191718,96.44557142857141,94.4227,0.019500784122438584
AMZN,2020-04-06,96.8,99.926,96.501,99.8795,115464000,0.0,0,0.04772919190806624,0.028051439561932828,96.7462857142857,94.4032,0.03429132104185541
AMZN,2020-04-07,100.8555,101.786,99.881,100.58,102280000,0.0,0,0.007013451208706556,0.02432698280039462,97.54271428571428,94.46796666666665,0.018940147146550023
AMZN,2020-04-08,101.05,102.2,100.5575,102.15,79546000,0.0,0,0.015609465102406128,0.022069462420220117,98.10735714285714,94.57365,0.016079295154185005
AMZN,2020-04-09,102.215,102.65,100.883,102.138,92930000,0.0,0,-0.00011747430249631208,0.02152170251155518,98.77192857142857,94.83774999999999,0.017300123362509644
AMZN,2020-04-13,102.0,109.0,101.9,108.4435,134334000,0.3612,1,0.06173510348743849,0.025785580525944138,100.63742857142857,95.31295,0.06547188167110057
AMZN,2020-04-14,110.0235,114.6,109.3105,114.166,161744000,0.4258,2,0.05276941448772865,0.027877205371808024,103.24092857142857,95.8619,0.04633165741113808
AMZN,2020-04-15,112.884,116.6685,112.25,115.384,137332000,0.0,1,0.010668675437520925,0.025251071847487268,106.10585714285715,96.52638333333333,0.038293870900644754
AMZN,2020-04-16,117.3,123.05,116.75,120.4095,240764000,0.5683,3,0.043554565624349895,0.024749435405725485,109.03871428571429,97.24698333333335,0.05232145304149587
AMZN,2020-04-17,118.6165,120.0,115.801,118.75,158600000,0.2009,2,-0.013782135130533724,0.028549422124725752,111.63442857142857,97.9986,0.03535999999999998
AMZN,2020-04-20,119.4975,122.249,119.3025,119.6805,115414000,0.0,0,0.00783578947368424,0.029092034564927913,114.13878571428572,98.81946666666666,0.02461971666227999
AMZN,2020-04-21,120.8305,121.4155,113.983,116.406,149534000,0.7845,1,-0.027360346923684165,0.03412416657848314,116.17707142857144,99.69865,0.0638498015566207
AMZN,2020-04-22,118.45,119.7,117.55,118.1745,84244000,0.7184,1,0.015192515849698385,0.028570662302999022,117.56721428571429,100.48476666666667,0.01819343428573851
AMZN,2020-04-23,119.999,121.211,119.104,119.9725,101332000,0.0,0,0.015214788300352389,0.022718396236719767,118.39671428571428,101.44908333333333,0.017562358040384248
AMZN,2020-04-24,120.85,121.0215,119.1,120.511,76498000,0.7003,1,0.00448852862114224,0.022687178887791398,119.12914285714285,102.67176666666666,0.01594460256740056
AMZN,2020-04-27,122.16,122.244,118.15,118.8,112912000,0.0,0,-0.014197874052991,0.016639575385659387,118.89921428571428,103.65676666666667,0.034461279461279415
AMZN,2020-04-28,118.605,118.675,115.3,115.704,105388000,0.5574,1,-0.026060606060606117,0.01863996760822118,118.46407142857142,104.69831666666667,0.02916925948973242
AMZN,2020-04-29,116.5005,119.5945,115.5,118.6355,91832000,0.0631,2,0.02533620272419279,0.021392758987467474,118.3147857142857,105.63976666666667,0.03451327806600888
AMZN,2020-04-30,120.992,123.75,119.8005,123.7,190692000,0.2786,6,0.042689582797729164,0.023332934433881104,119.3567857142857,106.7131,0.031928051738075995
AMZN,2020-05-01,116.84,118.122,112.9095,114.302,195452000,0.2279,6,-0.07597413096200478,0.03926979209074168,118.80357142857143,107.38828333333332,0.04560287659008596
AMZN,2020-05-04,112.819,116.349,112.819,115.7995,97318000,0.0,0,0.01310125807072482,0.0391045653075434,118.20742857142857,108.17145000000001,0.03048372402298802
AMZN,2020-05-05,117.0,117.55,115.3565,115.89,64850000,0.2009,2,0.0007815232362835545,0.03898947521367342,117.54728571428572,108.86306666666665,0.018927431184744156
AMZN,2020-05-06,116.472,117.8725,116.0,117.563,62356000,0.0,1,0.014436103201311612,0.039352206551418606,117.37057142857142,109.54833333333335,0.01592763029184354
AMZN,2020-05-07,118.739,118.8,117.1555,118.3805,67928000,0.0,0,0.006953718431819578,0.03776846556778246,117.75292857142858,110.35128333333333,0.01389164600588774
AMZN,2020-05-08,118.607,119.362,117.85,118.9805,64132000,0.6369,1,0.005068402312881082,0.03661068469867103,117.8022142857143,111.05815,0.01270796475052635
AMZN,2020-05-11,118.735,120.9835,118.6055,120.45,65184000,0.0,0,0.012350763360382544,0.03240851047675627,117.33792857142858,111.90631666666668,0.01974263179742632
AMZN,2020-05-12,120.5925,120.95,117.75,117.8475,61498000,0.0,0,-0.021606475716064777,0.012490240608840368,117.84442857142857,112.56131666666667,0.027153736820891432
AMZN,2020-05-13,118.34,120.385,116.89,118.396,95658000,0.0,0,0.004654320201955997,0.011908575431837855,118.21535714285714,113.25831666666666,0.02951957836413396
AMZN,2020-05-14,118.0505,119.5685,117.6605,119.4425,72962000,0.0,0,0.008838981046656924,0.012020889490936324,118.72285714285715,114.06023333333333,0.0159742135337087
AMZN,2020-05-15,118.426,120.55,117.8185,120.489,84700000,0.0,0,0.008761537978525302,0.011405710070362089,119.14085714285716,114.87848333333334,0.022670119263999176
AMZN,2020-05-18,120.2175,121.65,119.2005,121.313,87144000,0.0,0,0.006838798562524451,0.011400116711461815,119.55978571428572,115.7446,0.02019157056539695
AMZN,2020-05-19,121.4915,124.25,121.4485,122.4665,86410000,0.0,1,0.009508461582847572,0.011619566289782671,120.05778571428573,116.4975,0.022875643543336377
AMZN,2020-05-20,123.8935,125.0005,123.3635,124.897,79962000,0.3058,2,0.019846243666635344,0.0127837442720568,120.69307142857143,117.30806666666668,0.013106800003202641
AMZN,2020-05-21,125.0,126.2725,122.127,122.337,102288000,0.2235,1,-0.020496889436895982,0.012396045916343806,121.33442857142857,117.98096666666667,0.033885905327088274
AMZN,2020-05-22,122.7505,123.4925,121.5065,121.844,57342000,0.0,0,-0.00402985196628991,0.012909557389231342,121.827,118.63783333333335,0.016299530547257184
AMZN,2020-05-26,122.9,123.1,120.703,121.093,71364000,0.0,0,-0.0061636190538720825,0.013248280346344576,122.06278571428571,119.05948333333332,0.019794703244613573
AMZN,2020-05-27,120.2495,120.679,116.5,120.5195,101138000,0.2009,2,-0.004736029332826908,0.013087854968081696,122.06714285714284,119.27126666666668,0.0346748866366024
AMZN,2020-05-28,119.2165,121.8485,118.9115,120.055,63804000,0.0,0,-0.0038541480839199282,0.012792227136138621,121.88742857142857,119.42696666666667,0.02446378743076088
AMZN,2020-05-29,120.797,122.1185,119.91,122.1185,70198000,0.0,0,0.017187955520386433,0.014143403378376612,121.83771428571427,119.48393333333334,0.018084892952337287
AMZN,2020-06-01,122.4,123.8465,122.2085,123.552,58578000,0.0,0,0.011738598164897196,0.01244683572957189,121.64557142857143,119.644,0.0132575757575758
AMZN,2020-06-02,123.35,123.6765,122.2655,123.6205,50598000,0.0129,2,0.0005544224294224964,0.009207738398112456,121.82892857142858,119.77533333333334,0.011413964512358397
AMZN,2020-06-03,123.4005,124.4,123.0585,123.92,53420000,0.595,1,0.002422737329164537,0.008875575851830802,122.1255,120.02579999999999,0.010825532601678588
AMZN,2020-06-04,123.8715,125.377,122.5005,123.03,58974000,0.5106,1,-0.007182052937378947,0.009046996685115216,122.4022142857143,120.18765,0.02338047630659183
AMZN,2020-06-05,122.2255,124.4325,121.8565,124.15,66128000,0.0,0,0.00910347069820383,0.008759606441870006,122.92085714285714,120.32690000000001,0.020749093838099135
AMZN,2020-06-08,125.01,126.5,124.367,126.203,79414000,0.0,0,0.016536447845348246,0.008990548403114003,123.79914285714287,120.51663333333335,0.016901341489504968
AMZN,2020-06-09,126.472,131.3215,126.25,130.043,103520000,0.7783,1,0.030427168926253856,0.012246276154497372,124.9312142857143,120.8914,0.03899863891174447
AMZN,2020-06-10,132.25,136.1175,131.313,132.3725,98920000,0.5719,1,0.01791330559891735,0.012683770071711509,126.19128571428573,121.44701666666667,0.03629530302744164
AMZN,2020-06-11,130.175,133.569,126.8115,127.898,116002000,0.7573,1,-0.03380233809892541,0.020911972533261228,126.80235714285716,121.75576666666666,0.0528350716977591
AMZN,2020-06-12,130.0605,131.074,125.1675,127.251,108722000,-0.4739,1,-0.005058718666437256,0.021257540479787337,127.27821428571428,121.87413333333333,0.04641613818358998
AMZN,2020-06-15,126.33,129.2,125.4,128.634,77302000,0.0,0,0.010868283942758739,0.02076540260850402,128.07878571428571,122.35186666666667,0.029541178848515814
AMZN,2020-06-16,131.0,131.0,128.8,130.7635,71712000,0.1468,3,0.016554721146819773,0.021105138913793092,129.02357142857142,122.85066666666667,0.01682426671051164
AMZN,2020-06-17,132.375,132.75,131.591,132.049,59186000,-0.148,2,0.009830724934710489,0.02078345177177059,129.85871428571429,123.3893,0.008777044884853287
AMZN,2020-06-18,132.3505,132.982,131.8055,132.699,49756000,0.0,0,0.004922415164067884,0.017971037387845928,130.23814285714286,123.89383333333333,0.00886592966035919
AMZN,2020-06-19,133.904,134.8715,132.95,133.7505,115540000,0.0,0,0.007923948183482743,0.016960661481690488,130.435,124.40616666666668,0.014366301434387229
AMZN,2020-06-22,134.225,135.75,133.45,135.691,64176000,0.0,0,0.01450835697810482,0.00713358175023735,131.5482857142857,124.96318333333333,0.016950276731691943
AMZN,2020-06-23,136.301,139.1555,135.902,138.2205,84634000,0.0,1,0.018641619562093092,0.004894913154897534,133.11535714285714,125.55553333333333,0.023538476564619597
AMZN,2020-06-24,139.0,139.8,136.05,136.72,90532000,0.4404,1,-0.010855842657203407,0.00993978040481381,134.2705,126.18461666666667,0.02742832065535401
AMZN,2020-06-25,136.9775,137.8115,135.607,137.729,59374000,0.0,0,0.0073800468110007955,0.009331460198895837,135.2655714285714,126.82905000000001,0.016006069890872623
AMZN,2020-06-26,138.753,139.1285,134.4,134.6435,130016000,0.4074,2,-0.022402689339209747,0.01449941453698234,135.6362142857143,127.33575,0.035118665215922024
AMZN,2020-06-29,134.5005,134.84,131.504,134.019,84468000,0.0,0,-0.004638174141343487,0.01472286573087184,135.82478571428572,127.78675,0.024891992926376203
AMZN,2020-06-30,134.2535,138.4815,133.7515,137.941,75394000,0.3182,1,0.0292645072713571,0.01809589418491795,136.4234285714286,128.34101666666666,0.03429002254587119
AMZN,2020-07-01,137.8995,144.75,137.7,143.935,127268000,0.3953,4,0.043453360494704274,0.02330589263672892,137.60114285714286,129.05663333333334,0.04898044256087825
AMZN,2020-07-02,145.6005,147.778,143.555,144.515,131868000,0.3408,5,0.004029596692951554,0.02291733103293962,138.50035714285713,129.71056666666667,0.029221880081652322
AMZN,2020-07-06,146.7485,152.994,146.5,152.852,137612000,0.0,0,0.05768951319932203,0.028239580925567987,140.80492857142858,130.72773333333333,0.0424855415696229
AMZN,2020-07-07,152.9275,153.4775,149.5,150.006,105150000,0.3551,3,-0.018619318033130106,0.0311798355492889,142.55878571428573,131.66646666666668,0.026515606042424915
AMZN,2020-07-08,151.1305,154.1985,150.6215,154.0555,100752000,0.1958,5,0.02699558684319281,0.02725924375403792,145.33192857142856,132.76521666666667,0.023218904875191074
AMZN,2020-07-09,155.7995,159.694,153.7,159.1315,127774000,0.1237,3,0.032949164424509236,0.02528770476216859,148.91942857142857,134.05228333333332,0.03766696097252901
AMZN,2020-07-10,159.588,160.75,156.785,160.0,109720000,0.0,3,0.005457750351124835,0.026219399574444698,152.07071428571427,135.38378333333333,0.024781250000000022
AMZN,2020-07-13,162.553,167.2145,153.4195,155.2,154408000,0.0,0,-0.030000000000000027,0.030427016235907375,153.68,136.4865,0.08888530927835044
AMZN,2020-07-14,154.45,156.369,147.5,154.2,144638000,-0.161,3,-0.006443298969072142,0.031089463685133267,155.0635714285714,137.50809999999998,0.05751621271076524
AMZN,2020-07-15,154.0115,154.9175,148.659,150.4435,115778000,0.2263,1,-0.024361219195849437,0.024825305930201116,154.71949999999998,138.4022,0.0416003350094886
AMZN,2020-07-16,148.553,151.6,145.9115,149.995,127884000,0.0,0,-0.00298118562782701,0.023761647391809314,154.71792857142856,139.2713666666667,0.03792459748658292
AMZN,2020-07-17,150.45,151.2,147.4225,148.0985,95226000,0.0,0,-0.012643754791826445,0.020867203263421785,153.8669285714286,140.10698333333332,0.025506672923763407
AMZN,2020-07-20,150.01,160.068,149.701,159.842,151964000,0.5719,1,0.07929519880349911,0.0365407432050585,153.96842857142857,141.29671666666667,0.06485779707461128
AMZN,2020-07-21,161.6245,162.029,155.286,156.9145,122426000,0.293,2,-0.01831496102401131,0.037177068510605114,153.52764285714287,142.32043333333334,0.042972446778341035
AMZN,2020-07-22,156.25,157.5,153.263,154.9955,82084000,0.9184,1,-0.012229589999649515,0.03553330978274514,153.49842857142858,143.1521833333333,0.027336277504830753
AMZN,2020-07-23,154.9135,154.9135,148.5,149.3275,113138000,0.5859,1,-0.03656880361042747,0.03821384485023872,152.80235714285712,143.71735,0.04294922234685507
AMZN,2020-07-24,146.5,151.579,144.4,150.4455,112648000,0.3378,4,0.00748689959987292,0.03726588305428869,152.80264285714287,144.46893333333335,0.047718276718147115
AMZN,2020-07-27,153.1,154.9,150.7885,152.7605,83410000,0.0,0,0.015387632066097057,0.03761857529571544,153.19771428571428,145.31925,0.02691468016928464
AMZN,2020-07-28,152.7135,153.8545,149.788,150.0165,62534000,0.7096,1,-0.01796275869743813,0.03804330542897778,153.4717142857143,146.032,0.027107018227994856
AMZN,2020-07-29,151.5495,151.958,149.8385,151.6765,59482000,0.2234,3,0.011065449467225319,0.019090390723791387,152.3052142857143,146.7291,0.01397381927984881
AMZN,2020-07-30,150.7,154.6,150.25,152.594,122566000,0.1783,18,0.006049058357754822,0.018969171678409235,151.68800000000002,147.41393333333332,0.028507018624585465
AMZN,2020-07-31,162.2,162.341,157.55,158.234,161710000,0.4018,6,0.0369608241477386,0.02382614672994848,152.15064285714286,148.26510000000002,0.030277942793584162
AMZN,2020-08-03,159.0255,159.2,155.2,155.5945,101494000,0.0,0,-0.016680991443052684,0.018987715826723418,153.04592857142856,148.99323333333334,0.025707849570518235
AMZN,2020-08-04,155.0605,158.362,155.0605,156.9415,93886000,0.0,0,0.008657118342871861,0.019007680651923802,153.97392857142856,149.70158333333333,0.021036500861786107
AMZN,2020-08-05,157.1885,160.6795,156.365,160.2515,78330000,0.0,2,0.021090661169926417,0.019580177085192864,155.04407142857144,150.43595,0.026923304930062942
AMZN,2020-08-06,159.718,162.3735,158.2715,161.25,78812000,0.0,2,0.006230830912659302,0.016293628307814875,156.64885714285714,151.2536166666667,0.025438759689922506
AMZN,2020-08-07,161.2005,162.0405,157.0335,158.373,78722000,0.5994,1,-0.017841860465116377,0.019473956341682853,157.60549999999998,151.94174999999998,0.031615237445776774
AMZN,2020-08-10,158.5155,158.6255,155.076,157.408,63346000,0.0,0,-0.0060932103325693765,0.020038067666391053,158.2932142857143,152.7005666666667,0.022549679812970083
AMZN,2020-08-11,155.66,157.961,153.65,154.0335,74362000,-0.1525,2,-0.02143791929253902,0.01609736964437867,157.69314285714287,153.36771666666667,0.027987418321339233
AMZN,2020-08-12,155.4,158.7195,155.071,158.112,70442000,0.4215,1,0.02647800640769704,0.018407518590682036,158.0527857142857,154.04008333333334,0.02307541489577017
AMZN,2020-08-13,159.1495,160.876,157.75,158.051,62980000,0.0,0,-0.00038580246913588745,0.01821483074284975,158.21128571428568,154.51061666666664,0.019778425951117076
AMZN,2020-08-14,158.909,158.912,156.0,157.401,55034000,0.0,1,-0.0041125965669307485,0.015968379825490753,157.80407142857143,154.94015,0.018500517785782846
AMZN,2020-08-17,158.656,159.7485,157.709,159.1205,53824000,0.4588,1,0.010924327037312276,0.016483934447810798,157.49985714285714,155.1491,0.012817330262285525
AMZN,2020-08-18,160.6,166.0,160.291,165.6245,106920000,0.2884,5,0.040874683023243596,0.021210815579963405,158.5357857142857,155.6697166666667,0.03446953802124687
AMZN,2020-08-19,165.1505,165.795,162.8,163.024,83702000,0.4575,2,-0.015701179475258842,0.022444598391230558,159.33807142857145,155.96866666666665,0.018371528118559084
AMZN,2020-08-20,162.6,165.631,161.9,164.8685,66650000,-0.5423,1,0.011314285013249714,0.019126249486226606,160.8859285714286,156.15990000000002,0.022630156761297607
AMZN,2020-08-21,164.75,165.72,163.7695,164.236,71518000,0.0,1,-0.003836390820563196,0.01815788490884386,161.7607857142857,156.30110000000002,0.011876202537811475
AMZN,2020-08-24,165.5075,169.016,162.878,165.373,93326000,0.0,0,0.006922964514479268,0.017966627059039397,162.80678571428572,156.64019999999996,0.03711609513040222
AMZN,2020-08-25,164.7495,167.87,163.35,167.3245,79856000,-0.1046,4,0.01180059622792129,0.01737844851600032,164.22442857142855,157.07768333333334,0.027013378196259426
AMZN,2020-08-26,167.5555,172.587,167.2285,172.0925,130174000,0.0,1,0.02849552815039047,0.018920211933351014,166.07757142857142,157.79931666666667,0.031137324404026858
AMZN,2020-08-27,172.5025,172.65,168.9,170.0,85296000,0.3612,1,-0.012159158592036312,0.015456353848719174,166.70264285714285,158.46615,0.022058823529411766
AMZN,2020-08-28,171.15,171.6685,169.325,170.09,57940000,0.0,0,0.0005294117647058894,0.013070727087200638,167.71207142857142,159.1992,0.013777999882415227
AMZN,2020-08-31,170.4495,174.75,170.25,172.548,83718000,0.0,0,0.014451172908460208,0.013328427637697062,168.80914285714286,159.62273333333331,0.02607969956186105
AMZN,2020-09-01,174.479,175.6935,173.35,174.956,68644000,0.5562,1,0.013955537009991303,0.012687426798789517,170.34057142857142,160.22411666666667,0.013394796405953532
AMZN,2020-09-02,177.35,177.6125,174.3345,176.5725,78630000,0.0,2,0.009239465922860512,0.012650047553791227,171.9405,160.94335,0.01856461226974767
AMZN,2020-09-03,174.25,174.4205,165.15,168.4,163222000,0.0,0,-0.04628410426312135,0.024432317764996502,172.09414285714288,161.57909999999998,0.05505047505938241
AMZN,2020-09-04,165.9,169.075,155.5565,164.731,175636000,0.7887,1,-0.021787410926365824,0.02236565324852559,171.04250000000002,162.0552833333333,0.08206409236877084
AMZN,2020-09-08,157.2,162.5425,156.5,157.492,121884000,0.0,0,-0.043944369912159886,0.02664065144882966,169.25564285714287,162.213,0.038367028166509984
AMZN,2020-09-09,160.1495,165.159,159.25,163.4305,103774000,0.0,0,0.03770667716455445,0.03231807145854029,168.30428571428573,162.66013333333333,0.036156041864890534
AMZN,2020-09-10,165.361,167.4945,158.5275,158.7555,106614000,0.0,1,-0.02860543166667162,0.032042465463792504,166.33392857142857,162.89610000000002,0.05648308247588262
AMZN,2020-09-11,160.4345,160.867,154.199,155.811,101880000,-0.2608,3,-0.018547388909360696,0.030050861717052558,163.5989285714286,163.00333333333336,0.04279543806278105
AMZN,2020-09-14,158.647,159.3695,154.8,155.1485,90592000,0.0,0,-0.004251946268235218,0.028555359555343007,160.53835714285717,162.90048333333334,0.029452427835267348
AMZN,2020-09-15,156.808,158.751,155.446,157.8065,80430000,0.1724,2,0.017131973560814195,0.028127743657336834,159.025,162.97421666666665,0.02094337052022576
AMZN,2020-09-16,158.9995,159.362,153.7075,153.905,90244000,0.0,1,-0.024723316213210444,0.028372763219839718,157.4784285714286,162.873,0.036740196874695326
AMZN,2020-09-17,150.4625,151.4715,148.6275,150.4365,128982000,0.0221,6,-0.022536629739124847,0.02496800074206705,156.4705,162.54583333333332,0.01890498648931605
AMZN,2020-09-18,151.587,151.89,145.277,147.7455,177852000,0.1992,8,-0.01788794607691624,0.015816199800461565,154.22978571428573,162.09568333333334,0.04475940045551303
AMZN,2020-09-21,145.325,148.1,143.55,148.0235,122358000,0.4199,1,0.001881613991627562,0.015380805634097803,152.69664285714288,161.7507,0.030738362489739688
AMZN,2020-09-22,151.692,156.6995,150.01,156.4495,138976000,0.3247,6,0.056923393920559784,0.0288340440558143,152.78785714285715,161.71875,0.04275820632216792
AMZN,2020-09-23,156.0215,156.35,149.619,149.993,113054000,-0.1759,1,-0.04126890785844639,0.033032418754828326,152.05135714285714,161.58406666666667,0.0448754275199509
AMZN,2020-09-24,148.8895,153.465,148.25,150.9895,110588000,0.089,2,0.006643643370023877,0.03212067032663926,151.07750000000001,161.34664999999998,0.03453882554747187
AMZN,2020-09-25,152.743,155.077,149.95,154.7565,92304000,-0.34,1,0.02494875471473179,0.03273777137409993,151.19914285714285,161.23683333333335,0.03312946467515103
AMZN,2020-09-28,157.4425,158.752,155.8585,158.7025,84484000,0.0,0,0.025498121242080396,0.031947223254580694,152.37999999999997,161.28021666666666,0.018232226965548857
AMZN,2020-09-29,158.7695,159.413,156.627,157.244,69916000,0.0,0,-0.009190151383878575,0.030920389586696254,153.73692857142856,161.21766666666664,0.017717687161354335
AMZN,2020-09-30,157.057,160.644,156.6995,157.4365,97922000,-0.4008,2,0.001224212052606033,0.030947833289894,155.08164285714287,160.94473333333332,0.025054545801005516
AMZN,2020-10-01,160.4,161.2,158.6,161.063,99438000,0.4215,1,0.023034683824907143,0.02415261628164535,155.7407142857143,160.87936666666667,0.016142751594096685
AMZN,2020-10-02,157.6815,159.79,156.15,156.25,112262000,0.2732,1,-0.029882716700918244,0.020699976042504214,156.63457142857143,160.59208333333333,0.023295999999999914
AMZN,2020-10-05,157.292,160.1265,157.0425,159.96,75506000,0.0,0,0.023743999999999987,0.021764816984563562,157.91607142857143,160.44955,0.019279819954988765
AMZN,2020-10-06,158.25,159.1,154.5,154.998,101738000,0.1797,2,-0.031020255063766045,0.024779224615066577,157.95057142857144,160.10371666666666,0.029677802294223118
AMZN,2020-10-07,156.75,160.0,156.6195,159.7845,86188000,0.0,1,0.030881043626369564,0.02574931659526543,158.10514285714285,159.85238333333334,0.021156620322997612
AMZN,2020-10-08,161.2495,161.6645,158.7495,159.5275,63482000,0.296,1,-0.0016084163357522607,0.025393691414012057,158.43135714285717,159.43355000000003,0.018272711601447975
AMZN,2020-10-09,160.5,164.4495,159.8915,164.3325,98158000,0.0,0,0.030120198711820922,0.02744786196054676,159.4165,159.24463333333333,0.027736448967793908
AMZN,2020-10-12,167.497,174.812,166.9775,172.1465,167284000,0.1027,1,0.047549936865805664,0.03121905599277683,160.99985714285714,159.3131833333333,0.04551065516870816
AMZN,2020-10-13,173.3995,174.619,171.211,172.1815,114894000,-0.0136,3,0.0002033151995537441,0.026538240696343016,163.27578571428572,159.30096666666668,0.019793067199437728
AMZN,2020-10-14,172.35,173.244,167.0,168.1855,116254000,0.7517,2,-0.02320806823032673,0.029510787474867996,164.45085714285713,159.07528333333332,0.037125673735250664
AMZN,2020-10-15,164.6005,167.794,164.0,166.9325,104468000,0.128,1,-0.00745010717332939,0.025438937569201344,166.1557857142857,158.75394999999997,0.022727749239962326
AMZN,2020-10-16,168.1615,169.983,158.0,163.6355,129488000,-0.1132,2,-0.01975049795576056,0.026011358287876377,166.70592857142856,158.59513333333334,0.07322983093521884
AMZN,2020-10-19,164.9805,166.45,159.637,160.3605,104472000,0.0,0,-0.020013994518304434,0.02752300335565527,166.82492857142856,158.44945,0.042485524801930574
AMZN,2020-10-20,161.114,163.3,159.6005,160.8505,90194000,0.0,0,0.0030556153167395905,0.024495502927238295,166.32750000000001,158.56140000000002,0.022999617657389938
AMZN,2020-10-21,160.625,161.694,158.0,159.247,91854000,0.0,0,-0.00996888415018915,0.010356940195649011,164.4847142857143,158.42194999999998,0.023196669325010758
AMZN,2020-10-22,159.4935,159.9375,156.097,158.82,84240000,0.5132,4,-0.002681369193768268,0.009882514274058478,162.5759285714286,158.4241,0.0241814632917768
AMZN,2020-10-23,159.55,160.2665,157.0,160.22,69334000,-0.6249,1,0.008815010703941528,0.010883413562777389,161.43800000000002,158.57106666666667,0.02038759206091629
AMZN,2020-10-26,159.937,164.149,157.665,160.352,118024000,0.1779,1,0.0008238671826239496,0.011251259177271412,160.49792857142856,158.74451666666664,0.04043604071043709
AMZN,2020-10-27,161.247,164.583,160.565,164.3165,85820000,0.2202,2,0.02472373278786666,0.014159111741626004,160.5952142857143,158.96151666666668,0.024452809060563005
AMZN,2020-10-28,162.465,163.201,158.1235,158.139,111766000,-0.4435,1,-0.03759512891279926,0.019128686549777674,160.27785714285713,159.10264999999998,0.032107829188245694
AMZN,2020-10-29,160.0635,162.8625,158.2,160.5505,131930000,-0.0473,3,0.01524924275479167,0.020174614045713034,160.23499999999999,159.43978333333334,0.0290407068181041
AMZN,2020-10-30,157.8875,158.35,150.95,151.8075,167728000,0.3124,2,-0.05445638599692926,0.028917765754487606,159.1722142857143,159.57518333333334,0.04874594469970196
AMZN,2020-11-02,153.087,153.9855,147.506,150.224,145148000,0.0,0,-0.01043097343675392,0.028897962128211503,157.94421428571428,159.64853333333335,0.04313225583129195
AMZN,2020-11-03,150.9265,153.745,149.049,152.4205,97958000,0.0,0,0.01462149856214734,0.029522682877695418,156.82999999999998,159.51423333333332,0.030809503970922532
AMZN,2020-11-04,157.9995,162.2425,156.9865,162.058,136780000,0.0,2,0.06322968367115966,0.03981133957810309,157.0737142857143,159.9164,0.03243283268953091
AMZN,2020-11-05,165.9985,168.34,164.444,166.1,115786000,0.6434,2,0.024941687543965863,0.039831978806290164,157.32850000000002,160.42008333333334,0.023455749548464872
AMZN,2020-11-06,165.232,166.1,161.6,165.5685,92946000,-0.2577,1,-0.003199879590608079,0.03604268818056786,158.38985714285712,160.78048333333334,0.02717908297774033
AMZN,2020-11-09,161.5515,164.45,155.6055,157.187,143808000,0.2369,2,-0.05062255199509558,0.041723018130480856,157.90935714285712,160.72996666666666,0.05626737580079766
AMZN,2020-11-10,154.751,155.7,150.974,151.751,131820000,0.1529,3,-0.03458301259009977,0.03809922275057381,157.9012857142857,160.54686666666666,0.03114312261533696
AMZN,2020-11-11,153.089,156.9575,152.5,156.8695,87338000,0.296,1,0.033729596510072346,0.039601497545762844,158.85064285714287,160.52796666666666,0.028415338864470216
AMZN,2020-11-12,157.9975,158.794,154.3025,155.514,87240000,0.0,0,-0.008640940399503916,0.03981843987138869,159.29257142857142,160.343,0.028881644096351466
AMZN,2020-11-13,156.1,157.086,154.2695,156.4405,75124000,0.0,1,0.005957662975680567,0.03024530993260399,158.4900714285714,160.34935,0.018003649949981108
AMZN,2020-11-16,154.66,157.135,153.6345,156.553,76174000,0.0,0,0.0007191232449399454,0.02756486481511677,157.12621428571427,160.23578333333336,0.022359839798662358
AMZN,2020-11-17,159.177,159.4625,156.763,156.783,68894000,0.2461,3,0.001469151022337467,0.027758763790359593,155.87114285714284,160.29528333333334,0.017218065734167613
AMZN,2020-11-18,156.7,157.0,155.255,155.273,58336000,0.0,1,-0.009631146233966659,0.020502207235950094,155.5977142857143,160.14489999999998,0.011238270658775218
AMZN,2020-11-19,155.2655,156.25,154.046,155.851,60206000,0.0,0,0.003722475897290689,0.014436437302152268,156.18342857142858,160.02235,0.01414171227646924
AMZN,2020-11-20,155.851,156.6445,154.9025,154.97,67488000,-0.3965,2,-0.005652835079659413,0.006199998154397887,155.9120714285714,159.71026666666666,0.011240885332644964
AMZN,2020-11-23,155.835,156.9875,153.273,154.9195,94178000,0.0,0,-0.00032586952313351514,0.005398241471711279,155.82714285714286,159.13603333333333,0.023976968683735844
AMZN,2020-11-24,155.025,156.7125,154.313,155.903,72042000,-0.6696,1,0.006348458392907208,0.005478004165243482,155.75035714285715,158.59341666666666,0.015390980289025982
AMZN,2020-11-25,157.0935,159.9,157.013,159.2535,75808000,0.0,0,0.021490927050794584,0.009997008874352238,156.13614285714286,158.29568333333333,0.018128329989607766
AMZN,2020-11-27,160.563,160.8095,159.5025,159.767,47858000,0.0,0,0.0032244189295682624,0.009989182914147698,156.56242857142857,158.05683333333334,0.008180663090625826
AMZN,2020-11-30,160.424,161.4195,156.2775,158.402,81278000,0.0,0,-0.008543691751112581,0.009770800587932955,157.00942857142857,157.8823833333333,0.032461711342028486
AMZN,2020-12-01,159.425,162.4475,157.859,161.004,90740000,0.5085,2,0.01642656027070366,0.011046699895363199,157.74557142857142,157.90383333333332,0.028499291943057205
AMZN,2020-12-02,161.0825,161.6,158.663,160.1765,62586000,-0.2553,2,-0.005139623860276665,0.010967884041955742,158.48935714285713,157.88136666666665,0.018336023074545786
AMZN,2020-12-03,160.273,161.432,159.0655,159.3365,57840000,0.3637,4,-0.005244214975355321,0.011494606670419885,159.12035714285713,157.88434999999998,0.014852215280240258
AMZN,2020-12-04,159.9105,159.9105,157.938,158.129,58272000,0.0,0,-0.00757830126807113,0.012219038778316614,159.43835714285711,157.86131666666662,0.012473992752752659
AMZN,2020-12-07,157.824,159.038,157.0845,157.9,55026000,0.0,0,-0.001448184709951894,0.008725634732526069,159.24499999999998,157.78398333333334,0.012371754274857628
AMZN,2020-12-08,157.945,159.2065,156.001,158.8645,65726000,0.368,1,0.006108296390120227,0.009031315161959189,159.11607142857142,157.7344,0.020177572711335766
AMZN,2020-12-09,158.3945,158.7215,154.4,155.21,82016000,-0.435,4,-0.023003880665598553,0.012201855081920383,158.66007142857143,157.43085,0.027842922492107375
AMZN,2020-12-10,154.4495,157.105,153.8,155.0745,60604000,0.0304,5,-0.0008730107596160996,0.008974314563331639,157.81300000000002,157.32870000000003,0.02131233697351904
AMZN,2020-12-11,154.833,155.9335,153.641,155.821,61294000,0.0,1,0.0048138152952290625,0.009760164897941077,157.1907857142857,157.17105,0.014712394349927277
AMZN,2020-12-14,157.15,159.5235,156.3,157.8485,83116000,0.0,0,0.01301172499213843,0.011602904916606876,156.9782142857143,157.37241666666668,0.02042148009008639
AMZN,2020-12-15,159.0505,159.425,156.5245,158.256,66390000,0.3612,1,0.0025815893087359765,0.011315838358741274,156.99635714285714,157.64015,0.018327899100192235
AMZN,2020-12-16,158.8005,162.35,158.184,162.048,88552000,0.0278,2,0.02396117682741883,0.014372743619843722,157.58892857142857,157.96106666666665,0.025708432069510248
AMZN,2020-12-17,162.5,163.1755,161.05,161.804,69486000,0.6467,1,-0.0015057266982622108,0.01445680072888515,158.00885714285712,157.9526,0.01313626362759875
AMZN,2020-12-18,162.1995,162.471,158.58,160.0825,119914000,0.2062,2,-0.010639415589231316,0.011173647121199736,158.70492857142855,157.7520166666667,0.024306217106804247
AMZN,2020-12-21,160.0005,161.3485,158.3,160.309,76736000,0.0,0,0.0014148954445363238,0.011023468377845272,159.4527142857143,157.57670000000002,0.01901639957831432
AMZN,2020-12-22,160.142,161.1,159.004,160.326,47388000,-0.0143,3,0.0001060452002070722,0.011165566020127362,160.0962857142857,157.68133333333336,0.013073363022840985
AMZN,2020-12-23,160.25,160.5065,159.2085,159.2635,41876000,-0.3147,1,-0.006627122238439198,0.01102924833910547,160.29842857142856,157.93175000000002,0.00815001554028388
AMZN,2020-12-24,159.695,160.1,158.45,158.6345,29038000,0.0,2,-0.003949429718673736,0.011180665816133356,160.3525,157.99058333333332,0.010401268324355709
AMZN,2020-12-28,159.7,165.2,158.6345,164.198,113736000,0.0,0,0.03507118565003209,0.015162993505973665,160.65964285714284,158.28005,0.03998526169624469
AMZN,2020-12-29,165.497,167.5325,164.061,166.1,97458000,-0.0296,4,0.011583575926625178,0.01546534786041078,161.27335714285712,158.60203333333337,0.020900060204695918
AMZN,2020-12-30,167.05,167.105,164.1235,164.2925,64186000,0.0,1,-0.010881998795906123,0.015503455524025678,161.8747857142857,158.86001666666664,0.018147511298446266
AMZN,2020-12-31,163.75,164.146,162.06,162.8465,59144000,0.6114,1,-0.008801375595355876,0.01623104220476381,162.23728571428572,159.06213333333335,0.012809609049012318
BA,2019-12-31,325.41,326.57,323.32,325.76,4958800,0.0,0,,,,,0.009976669941060903
BA,2020-01-02,328.55,333.35,327.7,333.32,4544400,0.0,0,0.023207269155206323,,,,0.016950678027121188
BA,2020-01-03,330.63,334.89,330.3,332.76,3875900,0.0,0,-0.0016800672026880958,,,,0.013793725207356578
BA,2020-01-06,329.3,334.86,327.88,333.74,5355000,0.0,0,0.0029450655126819214,,,,0.020914484329118528
BA,2020-01-07,334.26,344.19,330.71,337.28,9898600,0.3698,2,0.010607059387547135,,,,0.039966793168880514
BA,2020-01-08,332.4,334.03,329.6,331.37,8239200,-0.7177,1,-0.01752253320683106,,,,0.013368741889730362
BA,2020-01-09,334.95,341.73,332.05,336.34,8175600,0.0,0,0.014998340223918882,,332.9385714285714,,0.028780400784920043
BA,2020-01-10,335.56,337.7,329.45,329.92,7161700,0.0935,6,-0.019087827793304313,0.015984408416981215,333.53285714285715,,0.025006062075654704
BA,2020-01-13,332.4,334.1,330.08,330.22,5648500,0.0,0,0.0009093113482057102,0.012974507591253452,333.09000000000003,,0.012173702380231476
BA,2020-01-14,330.76,335.35,328.28,332.35,6945300,0.1038,3,0.006450245291018009,0.013290849688333096,333.0314285714286,,0.021272754626147285
BA,2020-01-15,332.35,333.11,329.69,329.8,4578300,0.0,1,-0.007672634271099765,0.013489788551287433,332.46857142857147,,0.010369921164342074
BA,2020-01-16,331.05,332.87,329.31,332.0,4024100,0.1027,1,0.006670709520921747,0.012967217658970794,331.7142857142857,,0.010722891566265068
BA,2020-01-17,332.39,332.5,323.0,324.15,11061700,0.2768,5,-0.023644578313253062,0.014311317254655858,330.68285714285713,,0.02930741940459664
BA,2020-01-21,322.6,326.6,305.75,313.37,19318000,-0.0043,4,-0.033256208545426436,0.015719137726884738,327.40142857142854,,0.06653476720809275
BA,2020-01-22,309.82,312.84,302.72,309.0,18792600,-0.0222,18,-0.013945176628266887,0.015336249102451927,324.41285714285715,,0.0327508090614885
BA,2020-01-23,308.5,318.17,307.7,317.79,9702100,0.2102,5,0.02844660194174753,0.020891137457730965,322.63714285714286,,0.03294628528273397
BA,2020-01-24,322.0,326.2,312.51,323.05,17798200,0.0,0,0.016551810944334333,0.022147474752809686,321.3085714285714,,0.04237734096889026
BA,2020-01-27,316.21,321.26,314.58,316.6,7468100,0.5789,1,-0.01996594954341424,0.02297440181786875,319.42285714285714,,0.02109917877447886
BA,2020-01-28,318.05,319.36,314.0,316.56,5502200,0.5472,3,-0.00012634238787123664,0.022508667080675015,317.21714285714285,,0.01693201920646959
BA,2020-01-29,324.35,327.18,319.14,322.02,12454700,-0.0936,11,0.01724791508718715,0.02264258986047566,316.91285714285715,,0.024967393329606923
BA,2020-01-30,320.5,325.35,317.64,323.3,6022000,-0.5267,1,0.003974908390783183,0.01751958158014369,318.3314285714286,,0.023847819362821022
BA,2020-01-31,321.75,321.93,316.99,318.27,4999600,0.0,0,-0.015558304979894966,0.017812303305067743,319.6557142857143,,0.01552141263706915
BA,2020-02-03,318.75,320.74,314.88,316.0,4841800,0.0,0,-0.007132309045778662,0.014578839986000444,319.40000000000003,,0.0185443037974684
BA,2020-02-04,318.28,319.48,315.03,317.94,3779800,0.0,0,0.006139240506329191,0.012965304782189794,318.67,,0.013996351512864205
BA,2020-02-05,320.5,329.68,319.23,329.55,6071800,0.0,1,0.03651632383468573,0.017012281246402593,320.52000000000004,,0.031709907449552384
BA,2020-02-06,330.91,343.44,325.66,341.43,12845500,0.7371,1,0.03604915794264896,0.020102547967848473,324.0728571428571,,0.05207509592010067
BA,2020-02-07,340.37,340.74,335.69,336.75,5337800,-0.2377,2,-0.013707055619014197,0.021837601669851395,326.1771428571428,,0.014996288047513025
BA,2020-02-10,337.22,345.94,336.32,344.67,5876400,0.0,1,0.02351893095768376,0.022677520271583148,329.23,,0.027910755215133327
BA,2020-02-11,347.64,348.07,342.1,344.42,5311500,-0.4191,2,-0.0007253314764847918,0.02054946784004451,332.96571428571434,,0.017333488183032257
BA,2020-02-12,346.42,349.95,345.85,347.45,4421500,-0.4389,1,0.008797398525056455,0.01895982867006837,337.4585714285714,328.2393333333333,0.011800259030076173
BA,2020-02-13,344.32,347.89,342.63,342.82,3783100,0.3226,2,-0.013325658368110505,0.021524310455884387,341.0128571428572,328.808,0.015343328860626542
BA,2020-02-14,342.3,344.5,338.0,340.49,4199800,0.0,0,-0.006796569628376381,0.01905667601688936,342.57571428571424,329.04699999999997,0.019090134805721165
BA,2020-02-18,338.77,339.99,336.1,338.88,2904600,0.0,0,-0.004728479544186315,0.013279904455296363,342.2114285714286,329.25100000000003,0.011478989612842263
BA,2020-02-19,338.12,341.47,335.86,338.3,4935700,0.0,0,-0.0017115203021718095,0.012086508615686078,342.43285714285713,329.403,0.01658291457286436
BA,2020-02-20,338.29,341.24,335.39,336.28,2807500,0.0,0,-0.005971031628732026,0.006796436975410495,341.2342857142857,329.36966666666666,0.01739621743784948
BA,2020-02-21,334.05,334.66,330.23,330.38,3709900,0.0,0,-0.017544903056976313,0.008430918740944017,339.2285714285714,329.3366666666667,0.01340880198559237
BA,2020-02-24,320.0,321.74,316.33,317.9,6073200,0.0,0,-0.03777468369756043,0.012361694727460236,335.00714285714287,328.722,0.017017930166719174
BA,2020-02-25,318.26,320.64,303.63,304.14,8052500,0.0,0,-0.043284051588549866,0.01699318418086334,329.4814285714286,327.8626666666667,0.05592819096468729
BA,2020-02-26,307.0,315.22,304.06,305.59,6987300,0.0,0,0.0047675412638916725,0.018615826224087844,324.49571428571426,327.0416666666667,0.036519519617788626
BA,2020-02-27,300.37,301.0,284.29,287.76,10982400,0.8979,1,-0.05834615007035571,0.02388472251194704,317.1928571428571,325.55533333333335,0.058069224353627956
BA,2020-02-28,278.07,282.86,269.6,275.11,15364300,0.1577,2,-0.04396024464831794,0.022977241849034737,308.1657142857143,323.7323333333333,0.048198902257278874
BA,2020-03-02,279.54,291.71,274.29,289.27,11012300,0.0,0,0.05147032096252402,0.03791867155102224,301.45,322.308,0.0602205551906522
BA,2020-03-03,292.0,297.44,278.08,280.62,7499300,0.0,0,-0.029902858920731412,0.03803655984197743,294.34142857142854,320.85699999999997,0.06899009336469251
BA,2020-03-04,284.55,285.91,277.01,283.12,6986100,0.0,1,0.00890884470101927,0.03897921594735115,289.37285714285713,319.8486666666667,0.03143543373834429
BA,2020-03-05,275.79,276.31,259.65,260.37,14669100,-0.0562,5,-0.08035461994913817,0.04534050304650056,283.12,318.22766666666666,0.06398586626723518
BA,2020-03-06,253.7,264.29,249.8,262.33,12861800,0.0,1,0.0075277489726157665,0.04561372997941998,276.94,316.37899999999996,0.055235771737887435
BA,2020-03-09,238.0,241.48,224.37,227.17,11585500,0.0,0,-0.13402965730187166,0.062044370571711575,268.2842857142857,313.183,0.07531804375577755
BA,2020-03-10,237.0,237.83,215.0,231.01,13059600,0.0,1,0.016903640445481427,0.06422966889778774,261.9842857142857,310.33,0.09882689061079612
BA,2020-03-11,222.99,226.99,187.0,189.08,28503500,0.1984,7,-0.1815072940565342,0.07818648742481586,247.67142857142858,306.0806666666667,0.211497778718003
BA,2020-03-12,160.53,189.85,154.81,154.84,31734400,0.2313,8,-0.18108737042521683,0.08977720587574604,229.7028571428571,300.508,0.22629811418238174
BA,2020-03-13,174.97,178.28,161.38,170.2,21168500,0.1323,2,0.09919917334022199,0.1087662207085597,213.57142857142858,295.4046666666666,0.09929494712103412
BA,2020-03-16,149.42,151.0,128.76,129.61,26844400,0.4242,2,-0.23848413631022314,0.1273734737961183,194.89142857142858,289.11600000000004,0.17159169817143743
BA,2020-03-17,132.51,134.96,101.25,124.14,54492200,-0.0784,9,-0.04220353367795704,0.12249266400895903,175.15,282.7206666666667,0.2715482519735783
BA,2020-03-18,99.86,107.85,89.0,101.89,61943200,-0.295,14,-0.17923312389237955,0.12606590426800174,157.25285714285715,275.519,0.1850034350770438
BA,2020-03-19,98.8,103.57,90.35,97.71,40210600,0.2604,4,-0.041024634409657534,0.1187306384688305,138.21,267.791,0.13529833179817827
BA,2020-03-20,99.85,107.0,94.28,95.01,41370700,0.4424,3,-0.027632790911881977,0.11734676112350376,124.77142857142857,259.577,0.1338806441427218
BA,2020-03-23,98.75,114.49,93.56,105.62,46140100,0.0,3,0.1116724555309967,0.12981942564960985,117.74,251.87266666666665,0.19816322666161704
BA,2020-03-24,123.68,127.96,116.13,127.68,43683100,0.1397,33,0.20886195796250706,0.15445485089158634,111.6657142857143,244.63966666666664,0.09265350877192981
BA,2020-03-25,154.9,174.77,141.0,158.73,77826000,0.1676,41,0.2431860902255638,0.15323720997335258,115.82571428571428,238.44999999999996,0.21275121275121284
BA,2020-03-26,172.29,186.48,167.18,180.55,63267300,0.1832,34,0.13746613746613767,0.15239623026056087,123.88428571428572,232.88666666666666,0.10689559678759336
BA,2020-03-27,172.0,172.92,155.54,162.0,47880200,0.0807,21,-0.10274162281916377,0.13356427146188646,132.47142857142856,226.85933333333332,0.10728395061728392
BA,2020-03-30,153.81,153.81,140.68,152.28,51052500,0.3795,2,-0.05999999999999994,0.13648827189247478,140.26714285714286,220.5856666666667,0.08622274757026527
BA,2020-03-31,155.0,160.64,149.0,149.14,29954000,0.0356,9,-0.0206199106908328,0.13564989845688183,148.0,214.261,0.07804747217379635
BA,2020-04-01,138.91,144.38,130.0,130.7,41899700,0.2417,6,-0.12364221536811049,0.1528214725537082,151.58285714285714,207.34099999999998,0.11002295332823257
BA,2020-04-02,128.51,136.68,120.02,123.27,42372400,0.0405,8,-0.056847742922723765,0.13607361669923204,150.9528571428571,200.24066666666667,0.1351504826802954
BA,2020-04-03,125.0,131.29,122.5,124.52,37347400,0.3948,3,0.010140342337957353,0.08700534312346662,146.06571428571428,193.37866666666665,0.07059106970767742
BA,2020-04-06,133.7,149.69,129.21,148.77,51085500,0.0555,3,0.19474783167362686,0.1060815129644019,141.5257142857143,187.74099999999999,0.13766216307051146
BA,2020-04-07,162.0,164.8,140.26,141.58,56699100,-0.0104,6,-0.04832963635141496,0.10111707204218852,138.60857142857142,182.32233333333335,0.1733295663229271
BA,2020-04-08,147.51,154.0,144.55,146.87,41351000,0.0945,7,0.03736403446814518,0.10058017839365443,137.8357142857143,177.03166666666667,0.0643426159188397
BA,2020-04-09,154.71,157.98,150.09,151.84,37874200,0.6559,2,0.03383944985361209,0.10091771032171952,138.2214285714286,172.501,0.051962592202318136
BA,2020-04-13,155.5,156.0,146.26,147.33,26034100,0.0,0,-0.029702318229715474,0.08580178998440843,140.59714285714287,168.24166666666667,0.06611009298852921
BA,2020-04-14,150.51,152.4,140.0,141.0,33970500,-0.0483,6,-0.0429647729586643,0.08386331028660102,143.13000000000002,163.29933333333332,0.08794326241134756
BA,2020-04-15,139.0,148.69,132.9,145.98,39297600,0.0776,9,0.035319148936170164,0.08380198165773986,146.19571428571427,158.81133333333335,0.10816550212357852
BA,2020-04-16,141.46,143.24,134.0,134.24,41364800,-0.0565,6,-0.08042197561309761,0.04836286929269055,144.12,153.84866666666667,0.06883194278903462
BA,2020-04-17,149.41,154.0,145.0,154.0,52389400,0.2658,5,0.14719904648390925,0.07439239582027968,145.8942857142857,150.303,0.05844155844155844
BA,2020-04-20,147.21,151.63,142.5,143.61,34983800,0.0,0,-0.06746753246753234,0.0793781589514941,145.42857142857142,146.34566666666666,0.06357495996100547
BA,2020-04-21,139.01,141.9,135.45,136.33,27043800,0.2522,8,-0.0506928486874173,0.07969502296817915,143.21285714285713,143.31766666666667,0.04731167021198574
BA,2020-04-22,140.42,140.82,134.52,134.97,22734500,-0.4226,1,-0.009975794029194018,0.07934059561994558,141.44714285714286,140.11633333333333,0.04667703934207589
BA,2020-04-23,136.5,142.38,136.05,137.74,25936400,-0.2553,2,0.020523079202785954,0.07855008363212215,140.98142857142858,138.40500000000003,0.04595614926673431
BA,2020-04-24,137.0,137.57,128.33,128.98,35884700,-0.0083,4,-0.0635980833454336,0.07985846515658508,138.55285714285716,137.543,0.0716390138005891
BA,2020-04-27,129.97,131.2,123.83,128.68,34563000,0.0,0,-0.0023259420065124825,0.07445460856504366,137.75857142857143,136.159,0.05727385763133346
BA,2020-04-28,133.88,137.2,127.74,131.3,37806900,0.0672,9,0.02036058439539956,0.038199391802886,134.5157142857143,136.21533333333335,0.072048743335872
BA,2020-04-29,138.08,147.18,135.25,139.0,60454400,0.0414,9,0.05864432597105851,0.04260217586049818,133.85714285714286,136.71066666666667,0.08582733812949646
BA,2020-04-30,137.67,144.65,132.31,141.02,37876600,-0.0706,4,0.014532374100719503,0.037478232063872845,134.52714285714288,138.015,0.08750531839455399
BA,2020-05-01,143.23,143.71,132.84,133.37,36613100,0.4865,3,-0.05424762445043263,0.04372964785633758,134.29857142857142,139.20366666666666,0.08150258678863316
BA,2020-05-04,127.12,131.5,124.35,131.46,30708900,0.0,1,-0.01432106170803027,0.042862771415107755,133.40142857142857,140.41866666666667,0.0543891678076982
BA,2020-05-05,132.88,133.8,125.0,125.4,30621000,0.0222,8,-0.04609767229575534,0.039295063549253086,132.89000000000001,141.078,0.07017543859649132
BA,2020-05-06,125.8,126.86,121.37,121.86,29627700,0.0527,13,-0.028229665071770382,0.04038701622839825,131.9157142857143,140.88400000000001,0.04505169867060557
BA,2020-05-07,122.81,130.71,122.36,128.65,29525000,0.9244,1,0.05571967831938296,0.046182315852811115,131.53714285714287,139.88133333333334,0.06490478041197052
BA,2020-05-08,132.57,135.55,131.56,133.44,22695700,0.0,0,0.037232802176447644,0.04201750649894603,130.74285714285716,138.311,0.029901079136690715
BA,2020-05-11,130.92,131.0,127.95,128.91,20055400,-0.4588,1,-0.03394784172661869,0.0422449841133952,129.01285714285714,137.208,0.023659917772089034
BA,2020-05-12,129.72,133.12,125.2,125.22,22579000,0.2419,4,-0.028624621829183128,0.03895459330739789,127.84857142857143,136.306,0.06324868231911837
BA,2020-05-13,125.0,125.07,119.33,121.5,26002000,0.3973,5,-0.029707714422616216,0.03977486131237809,126.42571428571429,135.38466666666667,0.047242798353909425
BA,2020-05-14,118.98,122.61,113.89,122.52,37499200,0.132,5,0.008395061728394992,0.03687879277017063,126.01428571428572,135.112,0.0711720535422788
BA,2020-05-15,118.33,121.89,117.78,120.0,26756800,0.1141,2,-0.020568070519098924,0.036101626804011855,125.74857142857142,135.00300000000001,0.034249999999999996
BA,2020-05-18,126.18,136.2,125.8,135.44,43781800,0.466,1,0.1286666666666667,0.05880746911772982,126.71857142857142,135.36700000000002,0.07678676904902533
BA,2020-05-19,137.0,137.04,130.28,130.44,32373000,-0.064,2,-0.03691671588895451,0.05950181743207626,126.28999999999999,134.756,0.05182459368291928
BA,2020-05-20,133.27,135.45,131.31,133.32,21835500,0.0086,3,0.022079116835326484,0.058213325063502325,126.91999999999999,134.48066666666668,0.031053105310530953
BA,2020-05-21,137.0,144.24,136.15,139.0,48263900,0.517,2,0.042604260426042595,0.05733239649995193,128.88857142857142,134.21833333333333,0.058201438848920886
BA,2020-05-22,141.01,141.08,135.78,137.53,21098800,0.1471,2,-0.010575539568345338,0.055185809523233396,131.17857142857142,133.74133333333333,0.03853704646259006
BA,2020-05-26,145.21,145.91,142.61,144.73,30338300,0.0,0,0.052352214062386215,0.05625553838426539,134.35142857142856,133.65466666666669,0.022801077869135516
BA,2020-05-27,149.14,149.65,141.24,149.52,32799900,0.0,2,0.033096109997927226,0.052480627326891655,138.5685714285714,133.93866666666668,0.056246655965757064
BA,2020-05-28,156.1,156.7,149.05,149.82,34734300,0.0,3,0.0020064205457461792,0.031762228577869374,140.62285714285716,134.06666666666666,0.05106127352823373
BA,2020-05-29,145.3,152.0,142.94,145.85,33853900,0.0772,1,-0.02649846482445606,0.029055580648490897,142.8242857142857,134.45366666666666,0.06211861501542683
BA,2020-06-01,145.45,153.55,144.55,151.39,27127300,0.0,0,0.03798423037367149,0.0301707586132393,145.40571428571428,134.36666666666667,0.059449104960697545
BA,2020-06-02,154.0,155.85,151.81,153.31,24780500,0.0,1,0.01268247572494885,0.028281722482800985,147.45000000000002,134.69,0.02635183614897914
BA,2020-06-03,157.1,173.78,155.49,173.16,66486400,0.1739,10,0.12947622464288044,0.04933883257216344,152.54,135.91766666666666,0.10562485562485559
BA,2020-06-04,181.28,188.6,177.4,184.3,67155600,0.2213,8,0.06433356433356452,0.05026285386981964,158.19285714285712,137.56199999999998,0.060770482908301615
BA,2020-06-05,205.0,218.79,197.36,205.43,99846000,0.1369,24,0.11465002712967975,0.05825260225657606,166.18,139.81833333333333,0.10431777247724275
BA,2020-06-08,222.94,234.2,218.93,230.5,80902800,-0.1928,4,0.12203670349997564,0.060159325386546454,177.7057142857143,143.20233333333334,0.06624728850325372
BA,2020-06-09,222.14,227.0,213.08,216.74,66688700,0.0079,7,-0.059696312364425075,0.06919952507221112,187.83285714285716,146.13766666666666,0.0642244163513887
BA,2020-06-10,211.17,213.03,197.4,203.41,90384900,0.2281,6,-0.06150226077327681,0.0833039715476971,195.2642857142857,148.5413333333333,0.07683988004522883
BA,2020-06-11,179.35,192.18,166.01,170.0,103212800,0.1975,22,-0.16424954525342905,0.1156568198877423,197.64857142857142,149.57466666666667,0.15394117647058833
BA,2020-06-12,187.15,191.3,176.26,189.51,89550100,0.006,16,0.11476470588235288,0.11346409648004863,199.9842857142857,151.191,0.07936256661917589
BA,2020-06-15,177.18,193.23,175.89,190.94,78612900,0.4727,3,0.007545775948498701,0.11166674509392033,200.93285714285713,153.11,0.09081386823085788
BA,2020-06-16,207.15,208.3,192.6,197.77,76496900,0.3085,13,0.03577039907824453,0.10305369682910809,199.8385714285714,155.32033333333337,0.07938514435960974
BA,2020-06-17,194.52,196.43,191.25,192.54,53085400,-0.0471,9,-0.026444860191131236,0.08770317563259383,194.41571428571427,157.55833333333334,0.026903500571309896
BA,2020-06-18,188.24,198.03,187.2,192.29,60849900,0.1335,12,-0.0012984314947542819,0.08628277386941031,190.9228571428571,159.906,0.05632118154870255
BA,2020-06-19,197.9,197.96,184.57,187.02,67262100,0.0,4,-0.027406521399968686,0.08406377386872917,188.5814285714286,161.85166666666666,0.07159662068228005
BA,2020-06-22,184.56,188.7,181.9,188.52,53901500,0.0,1,0.008020532563362215,0.04876004611230649,191.22714285714287,163.68766666666667,0.03607044345427532
BA,2020-06-23,189.3,190.12,183.55,187.88,50281300,-0.0038,5,-0.003394865266284852,0.021821343097305705,190.99428571428572,165.65333333333334,0.03496912923142428
BA,2020-06-24,183.61,185.2,176.07,176.69,56534800,0.3021,9,-0.05955929316585051,0.03045734887981602,188.95857142857145,167.369,0.051672420623691186
BA,2020-06-25,169.87,177.5,169.59,174.88,57335700,0.1798,8,-0.010243930046974992,0.022773717603329833,185.6885714285714,169.14833333333334,0.045231015553522394
BA,2020-06-26,173.42,173.85,167.6,170.01,50644400,0.0993,8,-0.027847666971637763,0.0228746826559039,182.47,170.73133333333334,0.03676254337980119
BA,2020-06-29,181.0,194.5,176.27,194.49,78499900,-0.0735,2,0.1439915299100054,0.06571273015852315,182.78428571428572,173.21433333333334,0.09373232556943796
BA,2020-06-30,188.02,188.49,180.38,183.3,65493100,0.0126,12,-0.05753509177849758,0.06897013538751968,182.25285714285715,174.80966666666666,0.04424440807419538
BA,2020-07-01,185.88,190.61,180.04,180.32,49036700,0.0121,9,-0.016257501363884486,0.06905491374743074,181.08142857142857,176.47233333333332,0.05861801242236037
BA,2020-07-02,185.58,187.79,180.43,180.81,41792300,0.1886,2,0.0027173913043478937,0.06910846342787133,180.07142857142858,178.05533333333335,0.040705713179580695
BA,2020-07-06,184.52,189.36,181.6,187.91,49471700,0.0,1,0.03926773961617158,0.06576939769759686,181.67428571428573,179.68566666666666,0.041296365281251766
BA,2020-07-07,185.07,185.07,178.65,178.88,37105300,0.0,1,-0.048054919908466776,0.06922693585655866,182.24571428571429,181.064,0.03588998211091227
BA,2020-07-08,179.05,181.58,175.51,180.08,38116200,0.0566,4,0.006708407871198752,0.06769406688525657,183.68428571428575,182.24233333333333,0.03370724122612184
BA,2020-07-09,179.67,180.75,172.81,173.28,33514500,-0.25,1,-0.037760995113283014,0.034512452674675426,180.65428571428575,183.03433333333334,0.045821791320406265
BA,2020-07-10,171.7,179.33,169.75,178.44,40955600,0.1157,4,0.029778393351800547,0.032662398728414595,179.95999999999998,183.98833333333332,0.05368751401031166
BA,2020-07-13,180.2,183.25,174.36,175.65,43364700,0.0,0,-0.015635507733691933,0.03262232238209213,179.29285714285714,184.98166666666665,0.05061201252490741
BA,2020-07-14,177.0,181.3,173.41,179.96,39256200,0.0,2,0.02453743239396533,0.0342910132666151,179.17142857142858,185.93400000000003,0.043843076239164336
BA,2020-07-15,185.54,189.53,181.25,187.94,48044800,0.022,7,0.044343187374972226,0.03530251587581627,179.1757142857143,187.0883333333333,0.044056613812919025
BA,2020-07-16,184.32,184.59,177.34,178.7,35050000,0.0,2,-0.04916462700861979,0.035558769818922274,179.15000000000003,187.27300000000002,0.04057078903189704
BA,2020-07-17,178.41,181.1,175.55,175.66,26170500,0.0,0,-0.017011751538892006,0.03598516914316982,178.51857142857142,186.985,0.03159512694978927
BA,2020-07-20,175.13,176.57,171.62,174.42,25294300,0.0,1,-0.007059091426619646,0.03276769282704635,178.68142857142857,185.95133333333334,0.028379772961816242
BA,2020-07-21,178.43,182.65,176.75,178.63,40740500,-0.3832,1,0.024137140236211385,0.03201408274409456,178.7085714285714,184.2223333333333,0.033029166433409876
BA,2020-07-22,176.43,182.95,175.39,179.79,29790300,0.4767,1,0.006493870010636504,0.03122747976427345,179.29999999999998,182.99066666666664,0.042049057233439026
BA,2020-07-23,178.0,182.5,175.42,176.45,29587200,0.3988,4,-0.018577228989376526,0.030692261736132206,178.79857142857142,182.092,0.04012468121280823
BA,2020-07-24,175.68,181.1,173.6,173.76,28548000,0.1531,1,-0.015245111929725108,0.0228190462160167,176.77285714285713,182.21733333333333,0.043162983425414365
BA,2020-07-27,173.19,174.14,169.0,170.21,30243800,0.0,1,-0.02043047882136273,0.016502486622897963,175.56,181.57399999999998,0.030197990717349077
BA,2020-07-28,168.5,173.74,168.23,170.84,25349100,0.8619,1,0.003701310146289938,0.016223687520426598,174.87142857142857,180.904,0.03225239990634523
BA,2020-07-29,172.9,173.01,162.25,166.01,51709600,0.2752,6,-0.02827206743151489,0.018712400742564937,173.67,179.84533333333331,0.06481537256791754
BA,2020-07-30,162.88,164.55,160.64,161.95,29140000,0.2248,5,-0.024456358050719884,0.013601496783170335,171.28714285714287,178.82566666666665,0.024143254090768913
BA,2020-07-31,161.55,163.4,156.26,158.0,30263100,0.0,3,-0.024390243902438935,0.01058625946682063,168.17428571428573,177.68266666666665,0.04518987341772161
BA,2020-08-03,156.51,163.58,153.41,162.27,38520500,0.0,0,0.02702531645569617,0.020099900221178708,166.14857142857142,176.8576666666667,0.06267332224071002
BA,2020-08-04,164.63,167.4,163.01,165.07,30853500,0.5396,3,0.017255191964010486,0.022732253844535633,164.90714285714284,176.076,0.02659477797298125
BA,2020-08-05,167.6,174.98,166.4,174.28,46189200,0.1947,10,0.05579451141939784,0.031742781669282266,165.48857142857145,175.62266666666665,0.049231122331879644
BA,2020-08-06,172.8,175.57,170.6,172.2,32921600,0.7068,2,-0.011934817535001252,0.03229687947137894,165.68285714285713,175.47299999999998,0.028861788617886176
BA,2020-08-07,171.5,171.86,168.7,170.02,19318000,0.0644,2,-0.012659698025551558,0.030374068798685754,166.25571428571428,175.311,0.01858604870015307
BA,2020-08-10,171.36,179.79,171.33,179.41,35857700,0.0,0,0.05522879661216318,0.032848461181370234,168.75,175.6243333333333,0.04715456217602129
BA,2020-08-11,184.51,189.97,179.53,180.13,61036600,0.2075,1,0.004013154227746396,0.028627763211902756,171.9114285714286,175.14566666666667,0.057958141342363836
BA,2020-08-12,184.01,184.15,173.19,175.44,40674400,0.0816,8,-0.02603675123521898,0.03292689758407555,173.79285714285714,174.88366666666664,0.062471500227998224
BA,2020-08-13,173.62,179.47,172.43,174.73,22958800,-0.1797,2,-0.004046967624259046,0.033306420744172685,175.17285714285714,174.69733333333335,0.04029073427573967
BA,2020-08-14,173.09,179.47,172.35,178.08,32414100,0.0,1,0.019172437474961557,0.026927122316622372,175.71571428571428,174.6063333333333,0.03998203054806831
BA,2020-08-17,178.24,178.29,171.41,172.01,23352100,0.0,0,-0.03408580413297402,0.030138428224581577,175.68857142857146,174.07633333333334,0.039997674553804985
BA,2020-08-18,172.01,173.24,169.01,170.23,21488500,-0.0765,2,-0.010348235567699593,0.029985988455882576,175.71857142857147,173.78799999999998,0.02484873406567596
BA,2020-08-19,170.44,174.1,169.09,169.27,25601500,0.0,0,-0.005639429007812891,0.01786537115454292,174.27,173.42766666666665,0.029597684173214334
BA,2020-08-20,168.54,170.84,165.86,169.58,23213400,0.34,1,0.0018313936314764412,0.017635587504070092,172.76285714285714,173.30433333333335,0.02936667059794781
BA,2020-08-21,168.35,170.08,167.27,167.5,16945900,0.5267,1,-0.012265597358179114,0.01604301381309385,171.62857142857143,172.93966666666668,0.01677611940298509
BA,2020-08-24,168.78,178.27,167.93,178.27,39317100,0.0593,3,0.06429850746268673,0.03130782706978968,172.1342857142857,173.027,0.05800190721938634
BA,2020-08-25,180.46,180.63,172.44,174.73,31318500,0.0505,4,-0.019857519492904152,0.031480873290288904,171.65571428571428,172.85266666666666,0.04687231728953241
BA,2020-08-26,173.8,174.43,171.35,171.9,16189800,0.0,2,-0.016196417329594093,0.029106575690270985,171.64000000000001,172.318,0.017917393833624274
BA,2020-08-27,174.71,181.31,173.56,174.2,29548100,0.17,2,0.013379872018615346,0.029046809004515253,172.20714285714283,172.168,0.044489092996555686
BA,2020-08-28,175.11,177.28,172.57,175.8,20383900,0.1222,4,0.009184845005740572,0.028795966472257416,173.14000000000001,172.17266666666666,0.02679180887372018
BA,2020-08-31,174.65,175.27,171.7,171.82,16264300,0.0,0,-0.02263936291240054,0.030771132807680693,173.46,172.08599999999998,0.020777557909440237
BA,2020-09-01,170.71,175.49,169.25,172.1,18977300,0.0,0,0.0016296123850541022,0.030118274914759696,174.11714285714285,171.86833333333334,0.03625798954096461
BA,2020-09-02,172.74,175.0,171.45,174.78,16552100,0.0,1,0.01557234166182453,0.01646484986314403,173.6185714285714,171.70133333333334,0.020311248426593497
BA,2020-09-03,175.0,180.85,168.12,168.77,27799400,0.0921,4,-0.034386085364458086,0.019604040847922607,172.76714285714283,171.4453333333333,0.07542809741067719
BA,2020-09-04,171.31,172.83,164.0,171.05,18867300,0.4883,3,0.01350950998400191,0.019933130506030853,172.6457142857143,171.35500000000002,0.05162233265127163
BA,2020-09-08,165.8,166.9,160.5,161.08,22622700,0.0,1,-0.058287050570008714,0.028260193018237154,170.77142857142857,171.05066666666667,0.03973181028060594
BA,2020-09-09,161.61,163.06,157.0,160.78,21951400,0.0,1,-0.0018624286069034435,0.027250268418138383,168.6257142857143,170.71533333333335,0.037691255131235245
BA,2020-09-10,160.96,163.78,157.57,157.69,14532600,0.825,2,-0.019218808309491298,0.027065088253991107,166.60714285714286,170.43800000000002,0.03938106411313341
BA,2020-09-11,158.0,161.36,156.32,160.23,14722400,0.0,0,0.01610755279345555,0.02876768658769418,164.9114285714286,170.38066666666666,0.03145478374836186
BA,2020-09-14,161.75,165.94,158.9,165.35,17228400,0.0,0,0.031954066030081885,0.03169285887684481,163.56428571428572,170.6256666666667,0.04257635319020255
BA,2020-09-15,166.65,168.84,163.33,163.49,14881700,-0.0478,3,-0.011248866041729588,0.029550088634798046,162.81,170.6663333333333,0.03370236711725482
BA,2020-09-16,161.95,170.57,160.31,167.46,21851400,0.0,2,0.024282830754174478,0.03087399426471886,162.2971428571429,170.746,0.06126836259405225
BA,2020-09-17,164.63,168.46,161.05,167.53,19717800,0.295,3,0.0004180102711095479,0.018868735430289215,163.21857142857144,170.52100000000002,0.044230884020772375
BA,2020-09-18,165.66,169.72,161.02,161.14,22057100,0.5423,1,-0.0381424222527309,0.02522771951037502,163.27,170.15233333333336,0.05399031897728677
BA,2020-09-21,157.83,158.83,154.2,156.35,23125300,0.0,0,-0.02972570435646016,0.026862540438975024,163.07857142857142,169.69666666666666,0.02961304764950447
BA,2020-09-22,156.81,160.07,154.95,156.8,17768900,0.0,0,0.0028781579788936806,0.02591455691849237,162.5885714285714,168.943,0.03265306122448982
BA,2020-09-23,157.33,160.42,150.89,151.18,18247500,0.0292,5,-0.03584183673469388,0.023298793586114763,160.56428571428572,167.978,0.06303743881465802
BA,2020-09-24,150.29,150.31,145.02,146.05,27098100,-0.3925,4,-0.03393305992856199,0.024637646943085168,158.07285714285715,166.99833333333336,0.036220472440944826
BA,2020-09-25,146.85,156.31,146.42,156.03,29123000,-0.135,4,0.0683327627524819,0.038361928175702435,156.44,166.375,0.06338524642696927
BA,2020-09-28,160.33,168.0,159.2,166.08,38868200,0.0,0,0.06441069025187462,0.04761014464590379,156.23285714285717,165.975,0.052986512524084844
BA,2020-09-29,164.77,165.5,162.01,163.6,19874700,-0.0251,6,-0.014932562620423973,0.04528601745707499,156.5842857142857,165.69466666666668,0.02133251833740837
BA,2020-09-30,164.5,170.98,164.11,165.26,38436700,0.3192,4,0.010146699266503578,0.042925869285614,157.85714285714286,165.529,0.04157085804187327
BA,2020-10-01,170.15,172.76,165.57,167.86,30677100,-0.2283,3,0.01573278470289252,0.04290911141768371,159.43714285714285,165.482,0.04283331347551529
BA,2020-10-02,161.86,169.78,161.8,168.08,31773800,0.4001,2,0.001310615989515096,0.03825884063518825,161.85142857142858,165.432,0.04747739171822935
BA,2020-10-05,169.49,172.08,167.51,171.2,19082100,0.2202,2,0.018562589243217298,0.03140059674365924,165.4442857142857,165.55533333333332,0.02669392523364499
BA,2020-10-06,173.04,175.56,159.33,159.54,47132500,-0.1817,4,-0.06810747663551397,0.04000419511555673,165.94571428571427,164.931,0.10172997367431359
BA,2020-10-07,163.71,166.34,162.38,164.61,26019100,0.0,1,0.0317788642346748,0.03307550627628557,165.7357142857143,164.59366666666665,0.024056861673045427
BA,2020-10-08,166.22,168.09,163.54,168.0,20598600,0.4206,3,0.020594131583743236,0.03326830009629192,166.36428571428573,164.46366666666665,0.0270833333333334
BA,2020-10-09,169.93,170.0,166.82,167.33,17406000,0.0,4,-0.0039880952380951795,0.03328241599803552,166.66000000000003,164.2346666666667,0.01900436263670595
BA,2020-10-12,167.75,169.2,165.95,167.35,12176600,0.0,0,0.0001195242933125229,0.03274863620222092,166.58714285714285,163.953,0.019420376456528235
BA,2020-10-13,165.36,165.53,162.09,162.14,15182600,0.0,0,-0.031132357334926808,0.03477184055987483,165.73857142857145,163.63033333333334,0.02121623288516096
BA,2020-10-14,162.7,165.17,162.49,163.24,10505500,0.0,0,0.006784260515603879,0.033733895559405105,164.60142857142858,163.335,0.016417544719431378
BA,2020-10-15,161.01,164.54,158.73,164.24,13226800,0.5016,2,0.006125949522175933,0.019881769058352178,165.27285714285716,162.98366666666666,0.03537506088650756
BA,2020-10-16,171.22,173.42,167.27,167.35,31780600,0.1187,2,0.01893570384802712,0.01735861616813025,165.66428571428574,162.93633333333335,0.03674932775619945
BA,2020-10-19,169.09,170.84,166.11,167.11,16519600,0.0,0,-0.001434120107558945,0.015418091636507333,165.53714285714287,162.80499999999998,0.02830470947280228
BA,2020-10-20,168.29,169.29,166.18,167.24,12319900,0.0,0,0.0007779307043265238,0.015351491210839225,165.52428571428572,163.01033333333334,0.018596029657976472
BA,2020-10-21,166.44,167.63,163.82,163.86,11450600,-0.296,1,-0.020210475962688323,0.017148576731442294,165.0257142857143,163.113,0.02325155620651777
BA,2020-10-22,164.7,169.63,164.1,169.07,14238200,0.0,0,0.03179543512754779,0.01634425129038125,166.01571428571427,163.4923333333333,0.0327083456556456
BA,2020-10-23,169.99,170.26,166.05,167.36,10024200,0.3818,1,-0.0101141539007511,0.017439441334652944,166.6042857142857,163.73000000000002,0.02515535372848936
BA,2020-10-26,164.95,165.5,159.05,160.83,16151100,0.0,0,-0.03901768642447423,0.02363711309747626,166.11714285714285,163.57933333333332,0.04010445812348435
BA,2020-10-27,159.16,160.25,155.0,155.24,15491900,0.1531,1,-0.03475719704035318,0.0241328143953836,164.38714285714286,163.30433333333335,0.03381860345271837
BA,2020-10-28,153.0,153.95,148.0,148.14,20279800,-0.154,5,-0.04573563514558121,0.027019045760193403,161.67714285714285,162.66033333333334,0.040164709058998174
BA,2020-10-29,148.03,150.1,146.6,148.29,14554300,0.0386,2,0.0010125556905629107,0.027044549538260916,158.97,162.01900000000003,0.02360240070132848
BA,2020-10-30,147.2,149.17,141.58,144.39,15374700,0.2195,4,-0.026299817924337443,0.027272576689082846,156.1885714285714,161.46066666666667,0.05256596717224168
BA,2020-11-02,145.75,149.59,143.38,148.6,13854600,0.0,0,0.02915714384652679,0.02648317295472481,153.2642857142857,161.20233333333334,0.04179004037685066
BA,2020-11-03,151.83,154.82,150.64,153.65,12249800,0.0,0,0.033983849259757726,0.033084211688974706,151.30571428571426,161.09733333333332,0.02720468597461768
BA,2020-11-04,153.17,155.4,151.17,151.63,11344700,0.765,1,-0.013146762121705291,0.030891786385792947,149.99142857142857,161.11233333333334,0.02789685418452825
BA,2020-11-05,152.48,157.63,152.1,157.09,12328300,0.0,0,0.03600870540130585,0.03221516701250394,150.25571428571428,161.48033333333333,0.03520275001591445
BA,2020-11-06,156.33,158.47,154.52,157.74,8995600,0.0,0,0.0041377554268253736,0.024438628927587146,151.62714285714284,161.53733333333332,0.025041207049575177
BA,2020-11-09,179.0,184.46,172.16,179.36,49014400,-0.3262,2,0.1370609864333714,0.0535460610576097,156.06571428571428,161.98000000000002,0.06857716324710086
BA,2020-11-10,182.8,193.95,180.38,188.69,46404300,-0.0999,6,0.05201828724353241,0.04803741308505549,162.3942857142857,162.81633333333332,0.07191690073665798
BA,2020-11-11,189.89,190.0,180.41,182.15,29907800,-0.539,2,-0.03466002437861038,0.055836193283208116,167.18714285714287,163.37933333333334,0.052648915728794966
BA,2020-11-12,178.95,184.59,176.25,176.72,20288400,0.4732,8,-0.029810595662915218,0.0602558513198097,170.48285714285717,163.67466666666667,0.04719330013580808
BA,2020-11-13,179.0,187.27,178.71,187.11,19724500,0.2125,4,0.05879357175192412,0.05945991936032933,175.5514285714286,164.30900000000003,0.04574849019293464
BA,2020-11-16,194.56,202.94,191.35,202.4,40562800,0.3612,1,0.0817166372721927,0.06241794742591339,182.02428571428572,165.34900000000002,0.05726284584980239
BA,2020-11-17,200.25,211.2,196.05,210.05,38299300,0.2956,5,0.03779644268774707,0.060602844767640926,189.49714285714285,167.03266666666667,0.07212568436086635
BA,2020-11-18,223.02,223.02,203.0,203.3,65990700,0.2352,13,-0.03213520590335639,0.049727635453855064,192.91714285714286,168.32233333333338,0.09847515986227255
BA,2020-11-19,200.45,209.44,199.9,205.67,34236100,0.2719,8,0.01165764879488429,0.04756803922864764,195.34285714285716,169.57799999999997,0.046384985656634375
BA,2020-11-20,204.59,206.58,199.17,199.62,18230900,0.2952,2,-0.029416054845140205,0.04671989550055391,197.8385714285714,170.65433333333334,0.037120529005109835
BA,2020-11-23,203.24,214.21,201.87,211.53,28372400,0.0,0,0.05966336038473097,0.044913267499875696,202.8114285714286,172.127,0.05833687892970266
BA,2020-11-24,219.43,222.95,215.76,218.49,31132000,0.023,4,0.03290313430719061,0.04286535899247296,207.2942857142857,174.00533333333334,0.03290768456222252
BA,2020-11-25,217.71,221.0,213.09,217.61,19254100,0.1965,2,-0.004027644285779619,0.03484786176605666,209.46714285714285,175.81766666666667,0.03634943247093422
BA,2020-11-27,218.25,219.93,216.04,216.5,9970200,0.0,0,-0.005100868526262681,0.03305980369216199,210.38857142857142,177.55966666666666,0.017967667436489674
BA,2020-11-30,215.7,217.78,208.52,210.71,16501900,0.8011,1,-0.026743648960738997,0.032105111411951395,211.44714285714286,179.005,0.043946656542166916
BA,2020-12-01,214.31,218.09,213.0,213.01,15754200,0.9115,1,0.010915476246974531,0.03208284475735177,212.49571428571429,180.535,0.023895591756255594
BA,2020-12-02,213.01,224.99,210.3,223.85,25912300,0.1116,6,0.05088962959485466,0.03189221866225019,215.95714285714286,182.422,0.06562430198793834
BA,2020-12-03,228.3,242.0,226.53,237.2,45945100,0.1461,7,0.05963815054724142,0.03188658948455126,219.62428571428572,184.86666666666667,0.06521922428330523
BA,2020-12-04,236.36,238.18,230.25,232.71,29378400,0.3467,3,-0.018929173693085888,0.033533413193518796,221.6557142857143,186.988,0.03407674788363202
BA,2020-12-07,238.5,244.08,237.11,238.17,33246700,0.0,0,0.023462678870697307,0.03329119915699149,224.59285714285713,189.34833333333333,0.029264810849393287
BA,2020-12-08,238.7,241.7,234.46,236.57,19682000,-0.2706,2,-0.006717890582357167,0.033446601707769474,227.46,191.873,0.030604049541361884
BA,2020-12-09,238.64,240.84,228.28,232.06,19043600,-0.5256,1,-0.01906412478336217,0.032012632462478104,230.51,194.43366666666668,0.054123933465483075
BA,2020-12-10,228.1,237.01,228.02,234.43,16185000,-0.1702,3,0.010212875980349923,0.03202616092976312,233.57,197.30999999999997,0.03834833425756081
BA,2020-12-11,232.82,236.22,228.33,230.33,17311800,0.0,0,-0.017489229194215694,0.02928587785457166,234.49571428571429,200.04466666666667,0.034255199062215025
BA,2020-12-14,235.0,237.63,228.37,228.62,19231200,0.0,0,-0.007424130595232947,0.016320012853280098,233.26999999999998,202.85233333333335,0.04050389292275387
BA,2020-12-15,230.0,232.5,224.36,229.5,18993700,0.0,1,0.003849182048814681,0.01535359503260823,232.81142857142854,205.549,0.035468409586056585
BA,2020-12-16,229.33,232.37,225.3,225.87,17858400,0.4199,1,-0.015816993464052298,0.011149387647171279,231.05428571428573,207.95633333333336,0.031301190950546745
BA,2020-12-17,227.24,228.49,220.53,221.24,17465600,0.6908,1,-0.02049851684597337,0.012160517242704491,228.8642857142857,210.27666666666667,0.03597902730066899
BA,2020-12-18,222.05,223.46,218.61,219.75,19092800,0.5106,1,-0.006734767673115205,0.011407447373462899,227.1057142857143,212.36533333333333,0.02207053469852102
BA,2020-12-21,212.34,219.43,211.1,219.31,18726500,0.0,0,-0.0020022753128554616,0.008860500905739426,224.94571428571427,214.4176666666667,0.03798276412384302
BA,2020-12-22,223.28,223.89,217.7,218.78,13280000,-0.3688,2,-0.002416670466462989,0.008399320705593079,223.29571428571427,215.73166666666665,0.02829326263826674
BA,2020-12-23,219.55,224.4,219.32,219.69,10869000,0.4215,1,0.004159429563945549,0.009444941073617963,222.01999999999998,216.765,0.02312349219354551
BA,2020-12-24,219.62,219.88,216.05,217.15,6398500,0.0,0,-0.01156174609677274,0.008625748647307079,220.25571428571428,217.9316666666667,0.017637577711259424
BA,2020-12-28,218.19,219.2,215.16,216.09,9090600,0.0,0,-0.004881418374395596,0.007899702083094012,218.85857142857142,219.24400000000003,0.018695913739645482
BA,2020-12-29,218.3,221.68,215.4,216.25,14593800,0.0515,3,0.0007404322273125707,0.005114754875422025,218.1457142857143,220.21533333333338,0.02904046242774567
BA,2020-12-30,216.36,218.55,214.37,216.67,10812600,0.0,0,0.00194219653179184,0.005178361663743439,217.7057142857143,220.69099999999997,0.019292010892140155
BA,2020-12-31,216.24,216.9,212.7,214.06,10487600,0.0,1,-0.012045968523561101,0.006420613797486282,216.9557142857143,220.82466666666667,0.01962066710268157
DIS,2019-12-31,143.67,144.77,143.26,144.63,5662900,0.0,0,,,,,0.010440434211436212
DIS,2020-01-02,145.29,148.2,145.1,148.2,9502100,0.0,1,0.02468367558597806,,,,0.02091767881241562
DIS,2020-01-03,146.4,147.9,146.05,146.5,7320200,0.0,0,-0.011470985155195623,,,,0.012627986348122828
DIS,2020-01-06,145.54,146.03,144.31,145.65,8262500,0.0,0,-0.005802047781569897,,,,0.011809131479574313
DIS,2020-01-07,145.99,146.87,145.42,145.7,6906500,-0.7783,1,0.00034328870580147,,,,0.009951956074125032
DIS,2020-01-08,145.49,146.13,144.82,145.4,6984200,0.2657,2,-0.0020590253946464188,,,,0.009009628610729039
DIS,2020-01-09,146.47,146.63,144.61,144.83,6664200,0.247,2,-0.003920220082530901,,145.84428571428572,,0.013947386591175734
DIS,2020-01-10,145.3,145.5,144.26,144.62,5152500,0.0,1,-0.0014499758337361834,0.011520590444042111,145.84285714285713,,0.008574194440603021
DIS,2020-01-13,144.75,144.75,143.36,143.88,9921300,0.0,0,-0.005116857972617961,0.0038544291339249674,145.2257142857143,,0.009660828468167824
DIS,2020-01-14,143.41,146.72,142.29,145.2,14839100,-0.4101,3,0.00917431192660545,0.005077765896265446,145.04,,0.030509641873278287
DIS,2020-01-15,145.71,145.71,143.93,144.32,6818200,-0.1531,1,-0.006060606060605989,0.005117087900923701,144.85,,0.012333702882483378
DIS,2020-01-16,145.09,145.43,144.44,145.12,6948400,0.0,1,0.005543237250554389,0.005735242399363716,144.76714285714286,,0.006821940463065112
DIS,2020-01-17,145.54,145.64,144.01,144.33,10355300,0.129,5,-0.005443770672546755,0.006018795223743094,144.61428571428573,,0.011293563361740424
DIS,2020-01-21,144.24,144.59,143.01,143.56,9250200,0.0,0,-0.0053349961892884545,0.006153904341068796,144.43285714285713,,0.011005851212036866
DIS,2020-01-22,144.45,144.79,143.54,144.01,7550000,0.0,0,0.003134577876845901,0.006368213034064577,144.3457142857143,,0.008679952781056871
DIS,2020-01-23,143.6,143.61,140.65,142.2,11082000,0.0,0,-0.012568571626970337,0.0077291775810685,144.1057142857143,,0.02081575246132214
DIS,2020-01-24,141.4,142.25,139.2,140.08,13076300,0.555,1,-0.01490857946554136,0.007462910447575638,143.37428571428572,,0.0217732724157625
DIS,2020-01-27,135.86,137.73,135.0,135.9,12831800,0.0,0,-0.02984009137635646,0.0120066329685292,142.17142857142858,,0.020088300220750477
DIS,2020-01-28,136.5,138.93,135.86,138.37,10390000,0.0,0,0.018175128771155347,0.015034489199210842,141.20714285714286,,0.02218689022186885
DIS,2020-01-29,138.6,138.68,135.79,136.06,9382700,0.0,0,-0.01669437016694375,0.015474752053989311,140.0257142857143,,0.021240629134205605
DIS,2020-01-30,135.09,137.85,134.83,137.81,11847300,-0.0203,4,0.012861972659121035,0.01745572137659842,139.20428571428573,,0.021914229736593727
DIS,2020-01-31,138.4,138.67,137.06,138.31,12379100,0.0,2,0.0036281837312241993,0.01749826286726602,138.39000000000001,,0.011640517677680465
DIS,2020-02-03,139.79,141.82,139.75,141.32,12639900,0.4569,2,0.02176270696262006,0.019876076947887948,138.2642857142857,,0.014647608264930606
DIS,2020-02-04,145.49,145.59,143.25,144.73,23519700,0.2851,18,0.024129634871214334,0.02069037270517215,138.92857142857142,,0.016168037034478017
DIS,2020-02-05,146.6,147.3,138.57,141.37,27824100,0.0294,9,-0.023215642921301627,0.018913925572654533,139.71,,0.06175284713871414
DIS,2020-02-06,141.92,143.95,141.22,142.7,9504600,0.0,0,0.00940793662021644,0.018236554974409507,140.32857142857142,,0.01913104414856335
DIS,2020-02-07,141.89,141.99,140.12,141.02,10948900,-0.3193,3,-0.011772950245269698,0.017354366572773738,141.03714285714287,,0.01326053042121688
DIS,2020-02-10,141.03,142.59,140.46,142.59,8162100,0.0,0,0.011133172599631314,0.01724003320530122,141.72,,0.01493793393646115
DIS,2020-02-11,142.85,142.99,140.46,141.01,10790100,0.4506,2,-0.01108072094817314,0.01830036304514679,142.1057142857143,,0.01794198992979222
DIS,2020-02-12,141.34,142.22,140.87,141.85,8168200,-0.5423,1,0.005957024324515947,0.016469995603422924,142.18142857142857,142.709,0.009517095523440215
DIS,2020-02-13,141.17,141.9,140.82,140.9,7543100,0.0,0,-0.006697215368346776,0.012874852288146357,141.6342857142857,142.58466666666666,0.007665010645848207
DIS,2020-02-14,141.1,141.28,139.13,139.54,9110500,0.3923,2,-0.009652235628105132,0.010200379806018098,141.37285714285713,142.296,0.015407768381826042
DIS,2020-02-18,139.02,139.66,138.1,139.14,8214900,0.0,0,-0.002866561559409564,0.0089248218927899,140.8642857142857,142.05066666666667,0.011211729193617957
DIS,2020-02-19,139.63,141.87,139.23,141.3,7080900,0.0,0,0.015523932729625045,0.010556805603275423,140.90428571428572,141.90566666666666,0.018683651804671016
DIS,2020-02-20,141.63,141.63,138.85,140.37,5981700,0.1011,2,-0.006581740976645434,0.00961723072700658,140.58714285714285,141.728,0.019804801595782583
DIS,2020-02-21,139.86,139.88,138.58,138.97,7725800,-0.0516,1,-0.009973641091401309,0.009454568364349863,140.2957142857143,141.51366666666667,0.00935453695042083
DIS,2020-02-24,132.9,134.44,131.21,133.01,19336500,0.0,0,-0.04288695401885301,0.017319976892159788,139.03285714285715,141.11966666666666,0.02428388842944132
DIS,2020-02-25,133.75,133.94,127.98,128.19,21032500,0.1161,8,-0.03623787685136448,0.02004449149970306,137.21714285714285,140.572,0.04649348623137525
DIS,2020-02-26,126.12,128.37,122.13,123.36,31195900,-0.1711,6,-0.03767844605663462,0.02191987327172263,134.90571428571428,139.888,0.050583657587548715
DIS,2020-02-27,119.81,122.9,117.92,118.04,30827500,-0.0741,2,-0.04312581063553822,0.02278367757229069,131.89142857142858,138.98266666666666,0.04218908844459508
DIS,2020-02-28,114.51,118.31,113.21,117.65,35389900,0.2601,5,-0.0033039647577092213,0.01811071088367125,128.51285714285714,138.09366666666668,0.04334891627709314
DIS,2020-03-02,119.13,119.98,116.03,119.98,21775900,0.3612,1,0.01980450488737784,0.02440230914059102,125.60000000000001,137.25566666666666,0.03292215369228207
DIS,2020-03-03,121.15,121.78,115.15,116.45,19529700,0.3033,3,-0.029421570261710328,0.023918516564841497,122.38285714285713,136.32633333333334,0.05693430656934303
DIS,2020-03-04,118.96,119.24,115.48,119.18,13842100,-0.2634,2,0.02344353799914134,0.028255172864313283,120.40714285714286,135.51366666666667,0.031548917603624695
DIS,2020-03-05,116.86,116.96,112.11,113.98,22397200,0.0,1,-0.04363148179224707,0.02929113520548609,118.37714285714287,134.51266666666666,0.042551324793823425
DIS,2020-03-06,110.76,115.87,110.32,115.27,22899600,0.1709,10,0.011317775048254042,0.029177518415616773,117.22142857142858,133.61499999999998,0.04814782684132916
DIS,2020-03-09,108.69,110.43,104.28,104.35,26233600,0.0,0,-0.09473410254185821,0.04259298878725532,115.26571428571427,132.424,0.05893627216099671
DIS,2020-03-10,108.1,111.58,102.43,111.46,24083700,0.173,6,0.06813608049832287,0.053488219367459545,114.38142857142857,131.60933333333332,0.08209223039655475
DIS,2020-03-11,108.42,108.9,102.86,105.51,24771300,0.0,0,-0.053382379328907104,0.054643468843071634,112.3142857142857,130.514,0.05724575869585827
DIS,2020-03-12,97.62,100.0,91.64,91.81,40392900,0.0342,12,-0.1298455122737181,0.0696125476897336,108.79428571428572,129.03900000000002,0.09105761899575208
DIS,2020-03-13,100.78,102.87,92.25,102.52,40960100,0.0629,23,0.1166539592636966,0.08823929017660871,106.41428571428571,127.86266666666667,0.10358954350370664
DIS,2020-03-16,91.8,98.28,90.0,95.01,35379500,0.0231,3,-0.07325399921966436,0.0903622916216226,103.7042857142857,126.41933333333333,0.08714872118724346
DIS,2020-03-17,95.8,97.46,91.15,93.53,27526200,-0.009,7,-0.015577307651826189,0.08926681790289363,100.59857142857142,124.82633333333334,0.06746498449695272
DIS,2020-03-18,87.59,89.34,79.07,88.8,43592500,-0.0921,5,-0.05057200898107561,0.0850609817172089,98.37714285714286,122.962,0.11565315315315328
DIS,2020-03-19,88.0,97.4,85.11,94.93,30866800,-0.174,9,0.06903153153153174,0.08521561057639325,96.01571428571428,121.414,0.129463815442958
DIS,2020-03-20,95.99,96.99,85.84,85.98,31957800,-0.5643,3,-0.09427999578636892,0.08922824724426939,93.22571428571429,119.52333333333333,0.12968132123749698
DIS,2020-03-23,84.49,87.28,81.09,85.76,32246600,0.0,0,-0.0025587345894393376,0.07645254998340359,92.36142857142856,117.68133333333334,0.07217817164179101
DIS,2020-03-24,92.33,99.17,91.8,98.12,32538100,0.4221,3,0.14412313432835822,0.08418459597510429,91.73285714285714,116.19900000000001,0.07511210762331842
DIS,2020-03-25,100.66,105.92,95.51,100.73,28533000,0.316,5,0.0266000815328169,0.07863201710290776,92.55,114.85633333333334,0.10334557728581352
DIS,2020-03-26,100.83,107.73,100.8,105.36,24520300,-0.2193,3,0.04596445944604377,0.07860997755863443,94.24000000000001,113.64,0.06577448747152626
DIS,2020-03-27,100.45,101.49,95.54,96.4,30591500,0.3131,3,-0.08504176157934695,0.08460116025937456,95.32571428571428,112.15666666666667,0.06172199170124469
DIS,2020-03-30,96.0,100.46,92.1,99.8,23119200,0.0,0,0.03526970954356834,0.08191616992162842,96.02142857142859,110.83200000000001,0.08376753507014027
DIS,2020-03-31,100.22,103.16,96.16,96.6,21563200,0.4988,5,-0.03206412825651306,0.0714169522757426,97.53857142857143,109.414,0.07246376811594203
DIS,2020-04-01,93.5,97.4,92.56,94.92,18303900,0.0921,8,-0.017391304347825987,0.07237334676422827,98.84714285714287,107.868,0.050990307627475806
DIS,2020-04-02,94.2,97.26,94.2,96.97,13936500,-0.2523,5,0.021597134428992915,0.04670775352548464,98.68285714285715,106.42133333333332,0.03155615138702694
DIS,2020-04-03,96.31,96.92,92.71,93.88,14814600,0.0,1,-0.03186552542023313,0.04623237147812665,97.7042857142857,104.91833333333334,0.044844482317852666
DIS,2020-04-06,97.26,100.19,94.52,99.58,20407400,0.0,0,0.060715807413719736,0.04938783376210694,96.87857142857142,103.804,0.056939144406507346
DIS,2020-04-07,104.86,105.89,100.25,101.24,22899600,0.0,1,0.01667001405904789,0.03563802400001624,97.57000000000001,102.90566666666668,0.05570920584749112
DIS,2020-04-08,100.53,102.35,98.65,101.07,22562500,0.281,3,-0.0016791781904386127,0.03352372060566867,97.75142857142858,102.16266666666665,0.03660829128326891
DIS,2020-04-09,107.92,107.99,103.53,104.5,31453600,-0.008,7,0.033936875432868385,0.031472058279721965,98.88,101.71133333333333,0.04267942583732051
DIS,2020-04-13,104.71,104.87,99.61,103.5,17306000,0.0,1,-0.009569377990430672,0.030386667779368597,100.10571428571427,101.23966666666666,0.05082125603864739
DIS,2020-04-14,105.5,107.64,103.9,106.03,19866900,0.0,1,0.02444444444444449,0.030542253343969872,101.4,100.77466666666668,0.0352730359332264
DIS,2020-04-15,104.39,104.88,102.7,103.37,14157600,0.0,0,-0.025087239460530042,0.028939398970808942,102.75571428571429,100.33866666666667,0.02108929089677849
DIS,2020-04-16,103.53,103.72,100.89,102.02,18029300,-0.296,1,-0.013059881977362964,0.021708001968300698,103.10428571428572,99.76666666666667,0.02773965889041363
DIS,2020-04-17,106.21,106.79,104.35,106.63,17926900,0.0516,1,0.04518721819251126,0.026665230528375536,103.87428571428572,99.52166666666668,0.022882865985182518
DIS,2020-04-20,103.58,104.86,102.0,102.26,17021000,0.0,0,-0.040982837850511045,0.032482401459797444,104.04428571428572,99.088,0.02796792489732055
DIS,2020-04-21,100.01,101.51,99.13,100.54,16101400,0.134,3,-0.016819870917269664,0.029747357627192963,103.47857142857143,98.96100000000001,0.023672170280485474
DIS,2020-04-22,101.8,102.63,100.89,100.99,11463800,0.0,1,0.004475830515217716,0.029871180045738393,103.12,98.61200000000001,0.017229428656302555
DIS,2020-04-23,100.65,102.53,99.46,101.0,17132200,0.0,0,9.90197049213215e-05,0.027445704677854097,102.40142857142857,98.46166666666666,0.030396039603960468
DIS,2020-04-24,101.78,101.92,99.52,101.19,13614100,-0.25,1,0.0018811881188118829,0.026286114906035118,102.09,98.77433333333333,0.02371775867180557
DIS,2020-04-27,102.0,106.52,101.61,106.06,15518300,0.0,1,0.04812728530487198,0.03186583573503071,102.66714285714285,98.89233333333333,0.04629455025457285
DIS,2020-04-28,108.79,110.06,105.98,106.21,16503700,0.0921,2,0.001414293795964472,0.026782622248113334,102.60714285714286,99.26566666666668,0.038414461915073896
DIS,2020-04-29,109.94,112.7,108.56,112.25,20139800,0.3,5,0.05686846812917801,0.027510328180740062,104.03428571428572,99.88966666666667,0.03688195991091314
DIS,2020-04-30,109.44,110.31,106.86,108.15,18638700,-0.846,1,-0.03652561247216035,0.03182611096909872,105.12142857142858,100.53466666666667,0.03190013869625523
DIS,2020-05-01,106.36,106.91,104.47,105.5,13209100,-0.2843,3,-0.024503005085529383,0.0345684788905297,105.76571428571428,100.887,0.023127962085308037
DIS,2020-05-04,102.01,103.83,100.55,103.18,19514800,0.0,0,-0.02199052132701418,0.036246053048753855,106.07714285714285,101.46033333333334,0.031789106415972095
DIS,2020-05-05,101.51,105.18,100.9,101.06,30169800,0.0433,18,-0.020546617561542968,0.03739734152403789,106.05857142857143,101.97033333333333,0.04235107856718782
DIS,2020-05-06,101.48,105.27,98.86,100.88,51992400,0.1451,15,-0.0017811201266575427,0.03099200554285097,105.31857142857143,102.06233333333333,0.06354084060269624
DIS,2020-05-07,101.85,105.61,101.83,105.57,20868800,-0.071,8,0.04649088025376691,0.03705468217183309,105.22714285714285,102.22366666666667,0.035805626598465486
DIS,2020-05-08,109.05,109.18,106.63,109.16,24079700,0.3882,3,0.034005872880553234,0.03181461796032859,104.78571428571429,102.35033333333334,0.023360205203371304
DIS,2020-05-11,108.4,108.81,106.41,107.77,20555900,0.0,0,-0.012733602052033666,0.028836037012826717,104.73142857142857,102.72933333333334,0.02226964832513692
DIS,2020-05-12,109.06,109.44,104.49,104.56,17049700,0.0145,6,-0.029785654634870484,0.02963755073313224,104.59714285714286,102.88799999999999,0.04734123947972459
DIS,2020-05-13,104.5,104.54,101.6,102.92,21085800,0.0504,4,-0.01568477429227233,0.028978379963793186,104.56000000000002,103.09866666666667,0.028565876408861365
DIS,2020-05-14,101.98,105.92,99.66,105.91,22002200,-0.2062,6,0.02905169063350166,0.029181572429968595,105.25285714285714,103.46499999999999,0.05910678878292895
DIS,2020-05-15,104.98,109.38,104.27,109.05,29766000,0.0689,4,0.029647814181852583,0.02999730850872524,106.41999999999999,103.86766666666668,0.04685923888124713
DIS,2020-05-18,114.47,119.78,114.47,116.85,40044600,0.0,0,0.07152682255845932,0.035788325006976034,108.03142857142856,104.63333333333334,0.04544287548138642
DIS,2020-05-19,115.1,116.47,113.42,114.37,20332600,0.0,0,-0.021223791185280172,0.03700502240285618,108.77571428571427,105.12633333333333,0.02666783247355073
DIS,2020-05-20,116.42,120.87,116.04,119.92,25749900,0.2085,3,0.048526711550231694,0.0386947147043597,110.51142857142857,105.749,0.040276851234156086
DIS,2020-05-21,119.34,120.3,116.5,117.83,17578300,0.5267,1,-0.017428285523682474,0.03647553328382559,112.40714285714286,106.30766666666666,0.032249851480947105
DIS,2020-05-22,117.5,118.57,116.83,118.02,9288200,-0.296,1,0.001612492574047275,0.03435539420220845,114.5642857142857,106.75833333333334,0.014743263853584095
DIS,2020-05-26,121.05,122.51,120.43,120.95,16466400,0.0,0,0.02482630062701241,0.03421168600223284,116.71285714285715,107.34,0.017197188921041738
DIS,2020-05-27,123.68,123.78,119.71,121.53,19345400,0.0,0,0.004795369987598219,0.03428961422247006,118.49571428571429,107.85666666666665,0.03348967333168771
DIS,2020-05-28,121.6,121.98,116.0,116.75,18606000,0.1028,2,-0.039331852217559415,0.029713971498060647,118.48142857142857,108.30266666666667,0.05122055674518205
DIS,2020-05-29,116.19,117.75,114.12,117.3,17745100,0.8684,1,0.00471092077087798,0.02816620318905077,118.89999999999999,108.812,0.030946291560102264
DIS,2020-06-01,117.26,119.65,116.93,118.77,10538300,0.0,0,0.012531969309462987,0.02106388029068483,118.73571428571428,109.21666666666667,0.022901406078976165
DIS,2020-06-02,119.0,119.85,117.83,118.75,10753100,0.0,0,-0.00016839269175716876,0.019818741226957225,118.86714285714287,109.76633333333334,0.01701052631578944
DIS,2020-06-03,119.99,122.45,119.32,122.18,12584300,0.3612,1,0.028884210526315846,0.02240608706994728,119.46142857142857,110.48766666666666,0.0256179407431659
DIS,2020-06-04,121.95,124.5,121.85,123.69,14195100,0.0,0,0.012358814863316248,0.021037697723522878,119.85285714285715,111.24433333333333,0.021424529064597023
DIS,2020-06-05,126.31,127.82,124.28,124.82,16581600,0.0,0,0.009135742582262019,0.021149437692709827,120.32285714285715,112.03833333333334,0.02836083960903695
DIS,2020-06-08,125.1,127.44,123.94,127.28,13858100,0.0,0,0.019708380067297027,0.00959933899475013,121.82714285714285,112.90799999999999,0.02749842866121936
DIS,2020-06-09,125.63,125.79,123.51,123.89,10882800,0.0,0,-0.026634192331866702,0.017702680805347724,122.76857142857145,113.50233333333334,0.018403422390830586
DIS,2020-06-10,124.02,124.1,120.93,122.18,11497100,0.0,0,-0.013802566793122861,0.019298832600951547,123.25571428571428,114.03466666666667,0.02594532656735953
DIS,2020-06-11,117.6,118.0,112.25,112.64,26078800,-0.7085,2,-0.07808151907022431,0.03678870428751515,122.38285714285713,114.04766666666666,0.05104758522727273
DIS,2020-06-12,115.17,117.0,112.89,115.49,18361900,0.0,0,0.02530184659090895,0.03622829058153895,121.42714285714285,114.29233333333333,0.035587496752965624
DIS,2020-06-15,112.08,118.12,111.71,117.08,14156400,0.0,0,0.01376742575114731,0.03636020225197839,120.48285714285714,114.67833333333333,0.054748889648103954
DIS,2020-06-16,121.24,121.5,116.05,118.44,12951200,0.0,0,0.011615989067304433,0.03655780170104208,119.57142857142857,115.187,0.0460148598446471
DIS,2020-06-17,118.64,119.23,117.14,117.65,8921600,0.0,0,-0.006670043904086431,0.034671801233202015,118.19571428571429,115.74000000000001,0.017764555886102876
DIS,2020-06-18,116.88,118.53,115.93,118.37,9577300,0.0,0,0.006119847003824841,0.03436285757252435,117.40714285714286,116.32300000000001,0.02196502492185515
DIS,2020-06-19,119.98,120.12,114.35,114.35,23496300,0.0,0,-0.03396130776379158,0.03593786898963546,116.28857142857143,116.61566666666666,0.05045911674683
DIS,2020-06-22,114.19,116.19,113.11,115.92,12868000,0.0,0,0.013729777000437426,0.019411036229087346,116.75714285714285,116.841,0.02657004830917873
DIS,2020-06-23,116.96,117.45,115.97,116.59,10187600,0.0,0,0.005779848171152624,0.01715761474501537,116.91428571428571,117.135,0.012694056094004666
DIS,2020-06-24,115.85,116.0,110.03,112.07,22252500,0.2901,2,-0.0387683334762845,0.021761152915562392,116.19857142857143,117.38533333333334,0.05327027750513071
DIS,2020-06-25,108.99,111.51,108.5,111.36,17240400,0.0014,15,-0.006335326135450958,0.020348011163695463,115.18714285714286,117.66666666666667,0.027029454022988553
DIS,2020-06-26,110.95,111.2,108.02,109.1,15270900,0.2896,3,-0.020294540229885083,0.02078114718983138,113.96571428571428,117.773,0.029147571035747086
DIS,2020-06-29,109.0,111.57,108.1,111.52,12584300,0.0,0,0.02218148487626026,0.023619195963029107,112.98714285714287,117.85533333333333,0.031115494978479187
DIS,2020-06-30,111.5,112.05,109.93,111.51,10565900,0.0,0,-8.967001434712074e-05,0.020768687031638377,112.58142857142857,117.67733333333334,0.01901174782530706
DIS,2020-07-01,112.82,115.6,112.29,113.01,11930900,0.0,0,0.013451708366962523,0.020730694602903426,112.1657142857143,117.632,0.029289443412087317
DIS,2020-07-02,115.0,115.1,112.0,112.18,10312000,0.0,0,-0.007344482789133688,0.02034789958060813,111.53571428571429,117.37400000000001,0.027634159386699893
DIS,2020-07-06,113.83,114.53,112.9,114.43,11933400,0.0,0,0.020057051167766016,0.015887064157966643,111.87285714285714,117.26066666666667,0.014244516298173516
DIS,2020-07-07,113.63,115.08,112.61,113.63,10836500,0.7269,1,-0.006991173643275506,0.015953703746027042,112.19714285714285,117.11433333333335,0.021737217284167904
DIS,2020-07-08,113.48,117.13,112.81,116.66,13629500,0.0,1,0.02666549326762291,0.014317276446662556,113.27714285714286,116.97133333333333,0.03703068746785525
DIS,2020-07-09,116.51,117.85,115.38,116.81,13582900,-0.0765,2,0.0012857877593006606,0.013433315278750501,114.03285714285714,116.81400000000001,0.021145449875866782
DIS,2020-07-10,116.83,119.44,116.21,119.34,14207900,0.4215,1,0.021659104528721773,0.014094851890065492,115.15142857142857,116.90033333333334,0.027065527065527097
DIS,2020-07-13,119.94,120.13,115.89,116.22,15620200,-0.0163,1,-0.02614379084967322,0.019359382289231623,115.61,116.86433333333333,0.036482533126828386
DIS,2020-07-14,115.23,119.08,114.54,118.66,12425100,0.2781,2,0.020994665289967296,0.019512759957564057,116.53571428571429,116.86066666666667,0.03826057643687841
DIS,2020-07-15,121.63,122.09,119.7,120.9,15314200,0.0,0,0.018877465026125195,0.01939823650769525,117.46000000000001,116.93233333333333,0.019768403639371386
DIS,2020-07-16,117.72,119.99,117.6,119.43,10210100,0.5023,1,-0.012158808933002474,0.020149813870917403,118.28857142857143,116.84066666666668,0.02001172234781881
DIS,2020-07-17,118.9,119.56,117.06,118.65,9843500,0.1747,3,-0.006531022356191962,0.018689092267339794,118.57285714285715,116.67266666666667,0.021070375052675935
DIS,2020-07-20,118.05,118.49,116.82,117.79,8947900,0.0,1,-0.0072482090181205105,0.019061395528994624,118.71285714285716,116.43833333333333,0.014177774004584443
DIS,2020-07-21,118.05,120.39,117.66,118.62,8946300,0.0,1,0.007046438577128722,0.017173155925007275,118.61000000000001,116.14966666666668,0.023014668689934275
DIS,2020-07-22,118.19,119.3,117.93,119.03,7063300,0.0,0,0.0034564154442757733,0.013015708498019684,119.01142857142858,115.98766666666666,0.011509703436108463
DIS,2020-07-23,118.86,119.35,117.01,118.12,7255800,-0.3822,2,-0.007645131479458889,0.010930918097324386,118.93428571428572,115.85233333333333,0.01981036234337952
DIS,2020-07-24,115.7,118.21,115.53,117.61,8233300,0.0,0,-0.0043176430748391725,0.006763642233835246,118.46428571428574,116.018,0.02278717796105767
DIS,2020-07-27,117.2,117.42,115.68,116.31,9413000,0.0,0,-0.011053481846781676,0.006548561120732658,118.01857142857143,116.04533333333333,0.014960020634511175
DIS,2020-07-28,115.46,116.84,114.68,116.18,6821100,0.0,0,-0.0011177026910841326,0.006485579778213607,117.6657142857143,116.01533333333333,0.01859184024789117
DIS,2020-07-29,116.22,116.71,115.11,115.61,9496500,0.0,0,-0.004906180065415766,0.006286206728021493,117.35428571428572,115.921,0.013839633249718833
DIS,2020-07-30,114.91,116.29,113.37,115.66,9713500,0.0,1,0.0004324885390536437,0.004938859875631902,116.93142857142857,115.85466666666666,0.02524641189693932
DIS,2020-07-31,115.22,117.05,114.12,116.94,9601000,0.0,0,0.011066920283589798,0.007109843907894347,116.63285714285713,115.807,0.02505558406020175
DIS,2020-08-03,116.17,117.12,115.35,116.35,10229200,0.0,0,-0.005045322387549178,0.006860153698575655,116.38,115.87366666666667,0.01521272024065329
DIS,2020-08-04,115.96,118.35,115.76,117.29,17293900,-0.1484,5,0.00807907176622269,0.0077455907915229055,116.3342857142857,115.91933333333333,0.022082018927444703
DIS,2020-08-05,123.37,130.31,123.28,127.61,53000200,0.2431,3,0.08798704066842866,0.03329216568687956,117.94857142857143,116.28666666666666,0.055089726510461574
DIS,2020-08-06,126.96,131.63,125.61,130.82,27238000,-0.2023,1,0.02515476843507547,0.03280948764870434,120.03999999999999,116.91166666666668,0.046017428527748025
DIS,2020-08-07,130.22,131.94,128.66,129.93,16088600,0.0,0,-0.006803241094633705,0.033032855029740626,122.08571428571427,117.53066666666668,0.025244362348957137
DIS,2020-08-10,129.75,131.32,128.49,128.79,8529200,0.0,0,-0.008773955206649808,0.033984423979105366,123.96142857142857,118.187,0.021973755726376148
DIS,2020-08-11,130.53,132.76,130.0,130.49,13885700,-0.1011,2,0.0131997825918162,0.03394286003171334,125.89714285714287,118.81933333333333,0.02115104605716906
DIS,2020-08-12,130.67,133.0,130.49,131.79,12204200,0.0,0,0.00996244922982581,0.03282876382977327,128.10285714285715,119.49533333333332,0.019045451096441242
DIS,2020-08-13,130.64,132.35,130.45,130.96,6468600,0.0,0,-0.006297898171333083,0.03401060409184939,130.0557142857143,120.09366666666666,0.014508246792913909
DIS,2020-08-14,130.01,131.08,129.74,130.53,6507600,0.0,0,-0.003283445326817347,0.01293149654171807,130.47285714285715,120.70533333333333,0.010265839270665773
DIS,2020-08-17,130.1,130.14,128.54,129.37,7492200,0.0,0,-0.008886845935800136,0.009212773429748376,130.2657142857143,121.20333333333333,0.01236762773440515
DIS,2020-08-18,129.44,129.59,128.36,128.92,6714600,0.0,0,-0.0034783953003015844,0.008979844080794894,130.12142857142857,121.713,0.009540800496431818
DIS,2020-08-19,129.25,130.22,127.43,127.77,7624200,0.0,0,-0.008920260626745224,0.009000882837184648,129.97571428571428,122.08333333333333,0.021836111763324662
DIS,2020-08-20,126.8,128.45,126.53,128.12,4918100,0.0,1,0.002739297174610744,0.0068399111089896165,129.63714285714286,122.46033333333334,0.014985950671245609
DIS,2020-08-21,127.72,128.31,127.23,127.44,6064700,0.0,1,-0.005307524196066282,0.004022102065431784,129.0157142857143,122.73033333333333,0.008474576271186427
DIS,2020-08-24,128.15,130.88,127.93,130.69,7613600,0.0,0,0.025502197112366565,0.012021377267795907,128.97714285714284,123.21266666666666,0.02257249980870754
DIS,2020-08-25,130.83,131.09,129.31,129.79,5494400,0.0,0,-0.00688652536536849,0.012248718023990846,128.87142857142857,123.58366666666666,0.013714461822944767
DIS,2020-08-26,130.0,132.6,129.52,132.18,8447800,0.0,0,0.018414361661144962,0.013507272593986189,129.27285714285713,123.95966666666668,0.023301558480859314
DIS,2020-08-27,133.0,136.36,132.82,133.73,13667600,0.6486,1,0.011726433651081836,0.013485883049258086,129.96,124.43633333333334,0.026471248037089813
DIS,2020-08-28,134.5,136.8,133.58,135.54,11020100,0.157,4,0.013534734165856488,0.012136028852200057,131.07,124.99933333333334,0.023756824553637295
DIS,2020-08-31,135.25,135.54,131.25,131.87,11617500,0.0,0,-0.027076877674487188,0.018216872172765776,131.60571428571427,125.46866666666666,0.032532039129445606
DIS,2020-09-01,131.92,133.61,130.89,133.55,7351200,0.0,0,0.012739819519223428,0.017909584599406583,132.47857142857143,125.96633333333332,0.0203669037813555
DIS,2020-09-02,133.63,135.92,133.26,135.39,8187800,0.3612,1,0.013777611381504906,0.016355338359105617,133.15,126.51166666666668,0.019646945860107814
DIS,2020-09-03,135.24,137.24,132.02,133.24,12079200,0.0,0,-0.015880050225274944,0.017754221231085353,133.64285714285714,127.01566666666666,0.03917742419693784
DIS,2020-09-04,133.75,134.88,129.42,131.99,11248300,0.0,0,-0.009381567096967913,0.017059338446634348,133.6157142857143,127.49500000000002,0.04136677020986444
DIS,2020-09-08,131.99,137.14,130.86,134.2,17257300,0.0,1,0.016743692703992563,0.017730269101467817,133.68285714285713,128.09133333333332,0.046795827123695774
DIS,2020-09-09,134.28,135.55,132.26,133.36,8891800,0.0,0,-0.0062593144560355585,0.016888857027334617,133.37142857142857,128.66400000000002,0.02467006598680279
DIS,2020-09-10,133.58,136.75,132.74,133.22,9853400,0.2202,2,-0.0010497900419916828,0.01288811668903714,133.56428571428572,129.251,0.030100585497672954
DIS,2020-09-11,133.74,133.74,131.09,131.75,7165300,-0.1531,1,-0.011034379222338964,0.01256945445909404,133.30714285714285,129.78733333333332,0.02011385199240991
DIS,2020-09-14,132.53,132.93,130.9,131.25,8391900,-0.1027,1,-0.003795066413662229,0.01050969593289045,132.71571428571428,130.26433333333333,0.015466666666666675
DIS,2020-09-15,131.46,132.54,131.01,131.24,7289100,0.0,0,-7.619047619045194e-05,0.00924930332241304,132.43,130.76066666666668,0.01165803108808291
DIS,2020-09-16,132.17,133.62,131.4,132.09,6601000,0.0,0,0.006476683937823857,0.009115930595279455,132.4442857142857,131.254,0.016806722689075623
DIS,2020-09-17,130.55,131.77,128.6,130.22,6723500,-0.1492,2,-0.014157014157014203,0.006965890845192602,131.8757142857143,131.341,0.024343418829672985
DIS,2020-09-18,129.5,130.79,128.12,128.63,9916300,0.0,0,-0.01221010597450467,0.00758465836691134,131.20000000000002,131.268,0.020757210604058055
DIS,2020-09-21,125.98,126.89,123.59,125.41,10352700,0.0,0,-0.02503304050377053,0.010351439167006883,130.08428571428573,131.11733333333333,0.026313691093214235
DIS,2020-09-22,125.26,127.47,124.7,127.21,6978800,0.0,0,0.014352922414480496,0.013348285676095452,129.43571428571428,131.06466666666668,0.021775017687288706
DIS,2020-09-23,127.07,127.3,122.9,123.28,8323600,0.0,0,-0.030893797657416844,0.01652025604324068,128.29714285714286,130.82433333333333,0.035691109669046005
DIS,2020-09-24,121.93,123.8,120.78,122.49,8480000,0.0,0,-0.006408176508760577,0.0161323121478773,127.04714285714284,130.51433333333333,0.0246550738835823
DIS,2020-09-25,121.36,124.19,120.98,124.0,6851800,0.0,0,0.012327536941791228,0.01722449793209388,125.89142857142858,130.28233333333336,0.0258870967741935
DIS,2020-09-28,125.75,126.86,125.37,125.99,6283700,0.0,0,0.016048387096774253,0.019331088020337853,125.28714285714284,130.131,0.011826335423446264
DIS,2020-09-29,125.92,126.29,123.68,125.4,7405800,0.0,0,-0.004682911342169915,0.019040831566229464,124.82571428571428,129.99866666666668,0.020813397129186596
DIS,2020-09-30,123.24,125.55,123.24,124.08,13642500,0.4404,1,-0.010526315789473717,0.016980768935545208,124.63571428571427,129.83733333333333,0.018617021276595765
DIS,2020-10-01,124.94,125.47,122.42,123.31,8908300,0.0,2,-0.006205673758865271,0.015517427042923103,124.07857142857144,129.68866666666665,0.024734409212553703
DIS,2020-10-02,121.99,123.68,121.69,122.55,6490200,0.0,0,-0.006163328197226536,0.010450811925760393,123.9742857142857,129.50300000000001,0.016238270093839324
DIS,2020-10-05,123.26,123.6,122.33,123.37,5919200,0.0,0,0.0066911464708283575,0.010452340246133451,124.1,129.36733333333333,0.010294236848504466
DIS,2020-10-06,123.13,124.19,120.61,120.93,9052000,0.4215,1,-0.01977790386641809,0.011662972012238303,123.66142857142859,129.042,0.029603903084428992
DIS,2020-10-07,121.95,123.31,120.93,122.91,10187800,0.4588,1,0.016373108409823756,0.011754050728123135,123.22142857142858,128.81266666666667,0.019363762102351276
DIS,2020-10-08,123.58,123.75,122.42,123.09,7404600,0.0,0,0.0014644862094215227,0.01187735175035613,122.89142857142858,128.50966666666667,0.010805101957916957
DIS,2020-10-09,123.85,125.55,123.33,124.98,11502200,0.0,0,0.01535461857177678,0.012973506630609623,123.02000000000001,128.21800000000002,0.017762842054728747
DIS,2020-10-12,124.9,125.94,123.73,124.97,10958200,0.0,0,-8.001280204839034e-05,0.01259938142707182,123.25714285714285,127.86566666666666,0.017684244218612418
DIS,2020-10-13,129.8,131.36,127.9,128.96,22389000,-0.3252,1,0.03192766263903346,0.01620554104981831,124.17285714285715,127.76866666666666,0.02683002481389584
DIS,2020-10-14,129.14,129.5,125.29,126.59,11531500,0.0,1,-0.01837779156327546,0.018934216155057998,124.63285714285715,127.53666666666668,0.03325697132474914
DIS,2020-10-15,125.0,127.4,124.43,127.36,7744000,0.0,1,0.006082628959633407,0.015825518903437603,125.55142857142857,127.26899999999999,0.023319723618090444
DIS,2020-10-16,127.81,128.12,126.33,126.81,6291700,0.0,0,-0.004318467336683396,0.015831982420207117,126.10857142857142,127.05466666666668,0.014115606024761503
DIS,2020-10-19,127.37,127.4,123.71,124.23,6576900,0.0,0,-0.02034539862786844,0.018472877509579693,126.27142857142857,126.796,0.0297029702970298
DIS,2020-10-20,124.58,125.73,123.64,124.95,6161200,0.0,0,0.0057957015213716545,0.017607911589988725,126.26714285714287,126.48766666666667,0.016726690676270535
DIS,2020-10-21,124.36,127.56,123.84,126.63,6591500,0.0,1,0.013445378151260456,0.01831313215885251,126.50428571428573,126.26333333333334,0.029376924899312953
DIS,2020-10-22,126.67,128.1,125.97,127.56,5177700,0.0,0,0.0073442312248281905,0.013293222923230192,126.30428571428571,126.07466666666667,0.016698024459078045
DIS,2020-10-23,128.1,128.5,126.35,128.35,5439900,0.0,0,0.006193164001254248,0.011161314392390367,126.55571428571429,125.96133333333334,0.016751071289442976
DIS,2020-10-26,127.11,127.11,122.95,124.06,8578900,0.0,0,-0.03342423061940003,0.01715086959658026,126.0842857142857,125.72166666666666,0.03353216185716586
DIS,2020-10-27,124.03,124.61,123.03,123.31,6813800,0.0,0,-0.006045461873287139,0.017175068620906887,125.58428571428571,125.45733333333332,0.012813234936339294
DIS,2020-10-28,121.01,121.53,118.32,118.47,11654700,0.0,0,-0.039250669045495123,0.02121116358399756,124.76142857142858,125.00333333333334,0.027095467206887887
DIS,2020-10-29,118.16,122.63,117.23,121.54,9583700,0.0,0,0.025913733434624886,0.024302493890498062,124.27428571428571,124.714,0.04442981734408418
DIS,2020-10-30,120.64,121.75,119.09,121.25,8090200,0.0,0,-0.002386045746256449,0.023151563338611462,123.50571428571428,124.468,0.02193814432989688
DIS,2020-11-02,122.24,122.93,119.81,120.13,9186000,0.0,0,-0.009237113402061903,0.022400653074307657,122.44428571428571,124.292,0.025971863814201322
DIS,2020-11-03,121.61,125.07,121.37,124.02,8144900,0.0,0,0.03238158661450097,0.026952802250880953,121.82571428571428,124.18566666666668,0.02983389775842597
DIS,2020-11-04,123.58,126.86,123.41,125.07,7483000,0.0,0,0.00846637639090475,0.023965632945002566,121.97000000000001,124.24533333333333,0.027584552650515737
DIS,2020-11-05,126.78,128.62,125.8,126.96,7654800,0.0,0,0.015111537538978093,0.024202199885243414,122.49142857142856,124.39433333333334,0.02221172022684316
DIS,2020-11-06,126.26,128.04,124.61,127.46,6259700,0.0,0,0.0039382482671708186,0.014946469130110359,123.77571428571427,124.50966666666666,0.026910403263768968
DIS,2020-11-09,140.26,147.68,138.07,142.59,35634700,0.0,0,0.1187039071081124,0.04389881011315514,126.78285714285714,125.06300000000002,0.06739603057717942
DIS,2020-11-10,139.97,142.37,137.67,142.11,18115400,0.0,0,-0.003366294971596795,0.04399791757007673,129.76285714285714,125.61999999999999,0.033072971641686134
DIS,2020-11-11,141.47,142.0,136.62,137.82,9600900,0.0,0,-0.03018788262613481,0.047208463399827025,132.29,126.078,0.03903642432157884
DIS,2020-11-12,136.34,138.49,134.1,135.52,13768200,0.0514,8,-0.016688434189522483,0.04880463827005702,133.93285714285713,126.485,0.03239374262101546
DIS,2020-11-13,140.9,141.19,136.52,138.36,21062300,-0.057,4,0.02095631641086193,0.04880925063604359,135.83142857142857,127.012,0.03375252963284177
DIS,2020-11-16,141.57,144.74,141.57,144.67,16382500,0.0,0,0.04560566637756547,0.0501127067789155,138.36142857142858,127.72200000000001,0.021911937512960642
DIS,2020-11-17,144.4,144.83,142.56,144.5,9354900,0.3885,1,-0.001175088131609825,0.05041965958955053,140.7957142857143,128.50766666666667,0.015709342560553705
DIS,2020-11-18,144.5,145.48,143.35,143.9,9456200,0.0,1,-0.0041522491349480495,0.024904983961432432,140.98285714285714,129.20733333333334,0.01480194579569142
DIS,2020-11-19,142.57,143.3,141.7,141.72,8892500,0.0,1,-0.015149409312022244,0.025680385844331164,140.92714285714285,129.82833333333332,0.011289867344058869
DIS,2020-11-20,141.71,142.61,140.86,141.07,8481600,0.0,0,-0.004586508608523943,0.022281437338483968,141.39142857142858,130.36466666666666,0.012405188913305451
DIS,2020-11-23,142.45,147.75,141.7,145.98,12887000,0.0,0,0.034805415751045565,0.022977754858550862,142.8857142857143,131.065,0.041444033429236964
DIS,2020-11-24,148.16,151.86,147.85,151.49,16711700,0.0,1,0.03774489656117286,0.024990322139241385,144.76142857142855,131.816,0.026470394085418306
DIS,2020-11-25,150.27,150.27,147.24,149.09,9552000,0.0,0,-0.0158426298765596,0.02240979304906075,145.39285714285714,132.566,0.020323294654235702
DIS,2020-11-27,149.0,150.35,146.53,147.13,5306400,0.0,0,-0.013146421624522175,0.02335381215589156,145.76857142857142,133.225,0.02596343369809008
DIS,2020-11-30,147.06,148.69,146.29,148.01,9710100,0.0,0,0.005981105145109744,0.023163577817799562,146.3557142857143,133.93166666666667,0.016215120599959502
DIS,2020-12-01,149.57,151.4,149.0,149.44,8825500,0.0,0,0.009661509357475895,0.021540330329804156,147.45857142857145,134.77200000000002,0.016059957173447575
DIS,2020-12-02,149.49,154.01,148.34,153.61,10601900,0.0,0,0.027904175588865154,0.021922970005619796,149.25,135.72733333333335,0.03691165939717458
DIS,2020-12-03,153.45,154.44,152.13,153.24,9063200,0.0,0,-0.00240869735043292,0.02002676737723172,150.28714285714287,136.61433333333335,0.015074393108848878
DIS,2020-12-04,153.69,154.68,152.81,154.14,6033300,0.0,0,0.00587314017227869,0.014863122473942104,150.6657142857143,137.50033333333334,0.012131828208122516
DIS,2020-12-07,153.18,153.88,152.26,153.68,6815500,0.0,0,-0.0029842999870246523,0.012868320390282639,151.32142857142858,138.34466666666668,0.010541384695471138
DIS,2020-12-08,152.42,154.88,152.25,153.72,7900600,0.0,0,0.00026028110359188616,0.01062102383954231,152.26285714285714,139.33333333333334,0.017109029404111343
DIS,2020-12-09,156.29,157.46,153.89,154.43,10804300,0.0386,2,0.004618787405672675,0.010640875639968963,153.18,140.37066666666666,0.023117269960500043
DIS,2020-12-10,153.32,155.34,152.5,154.69,8993200,0.5445,2,0.0016836106974031928,0.010627086233009673,153.93,141.578,0.01835929924364861
DIS,2020-12-11,169.68,179.45,165.33,175.72,87410700,-0.0598,8,0.13594931799082044,0.05104685691929617,157.08857142857144,143.384,0.08035511040291358
DIS,2020-12-14,173.8,177.3,168.81,169.3,30939400,0.0,0,-0.03653539722285448,0.055062978941692174,159.38285714285715,144.98566666666665,0.050147666863555866
DIS,2020-12-15,170.49,174.47,167.82,173.94,18802600,0.0,1,0.027406969875959808,0.055033622046531464,162.21142857142857,146.77933333333334,0.0382315741060136
DIS,2020-12-16,173.99,174.85,171.62,173.12,11105800,0.4035,2,-0.004714269288260242,0.055150614128355355,164.98857142857145,148.41600000000003,0.01865757855822545
DIS,2020-12-17,173.82,174.84,171.96,173.55,9004600,0.0,0,0.0024838262476896134,0.055035130209834145,167.82142857142858,150.032,0.01659464131374241
DIS,2020-12-18,173.6,175.84,172.28,172.89,21172100,0.0,0,-0.0038029386343994,0.05548445070121773,170.45857142857145,151.563,0.020591127306379794
DIS,2020-12-21,170.09,171.94,168.19,170.69,11424200,0.0,0,-0.012724853953380744,0.0564280554607166,172.74428571428572,153.00400000000002,0.02196965258656043
DIS,2020-12-22,170.0,171.45,169.16,170.45,6419200,0.0,0,-0.0014060577655399253,0.019018200608250057,171.99142857142854,153.93266666666668,0.013435024933998193
DIS,2020-12-23,172.96,175.95,172.3,173.55,9994000,0.0,0,0.01818715165737772,0.01412024050382802,172.59857142857143,154.98066666666668,0.021031403053874832
DIS,2020-12-24,173.99,174.58,172.38,173.73,2721000,0.0,0,0.0010371650821088263,0.009473444912819047,172.56857142857143,156.17766666666665,0.012663328152881006
DIS,2020-12-28,175.75,179.92,175.05,178.86,13145400,0.0,0,0.02952857882921789,0.014317097168007966,173.38857142857142,157.62233333333333,0.027227999552722666
DIS,2020-12-29,180.01,180.2,176.22,177.3,6875400,0.0,0,-0.008721905400872254,0.01521218398115935,173.92428571428573,158.92033333333333,0.02244782853919904
DIS,2020-12-30,178.5,183.4,178.37,181.17,11680400,-0.1956,5,0.021827411167512523,0.016303248155071712,175.10714285714286,160.137,0.027763978583650723
DIS,2020-12-31,181.22,183.4,180.27,181.18,7073500,0.0,0,5.519677650833721e-05,0.014348342042280651,176.6057142857143,161.35966666666667,0.017275637487581385
TSLA,2019-12-31,27.0,28.086,26.805332,27.888666,154285500,0.0,0,,,,,0.0459207335338305
TSLA,2020-01-02,28.3,28.713333,28.114,28.684,142981500,-0.3291,1,0.028518180109439406,,,,0.02089433133454183
TSLA,2020-01-03,29.366667,30.266666,29.128,29.534,266677500,0.0465,6,0.02963324501464215,,,,0.038554411864292024
TSLA,2020-01-06,29.364668,30.104,29.333332,30.102667,151995000,0.287,4,0.01925465565111395,,,,0.025601319643870777
TSLA,2020-01-07,30.76,31.442,30.224,31.270666,268231500,0.1705,16,0.03880051558222397,,,,0.03895024173773594
TSLA,2020-01-08,31.58,33.232666,31.215334,32.809334,467164500,0.2299,18,0.0492048362513291,,,,0.06148652697430564
TSLA,2020-01-09,33.14,33.253334,31.524668,32.089333,426606000,0.2678,13,-0.02194500504033381,,30.33980942857143,,0.05387042479193955
TSLA,2020-01-10,32.11933,32.329334,31.58,31.876667,194392500,0.1936,14,-0.006627311324919116,0.025295803441929582,30.909523857142858,,0.023507288261975588
TSLA,2020-01-13,32.9,35.042,32.8,34.990665,397764000,-0.0386,9,0.09768894596163391,0.03911784375206474,31.810476,,0.06407423237026232
TSLA,2020-01-14,36.284,36.494,34.993332,35.861332,434943000,0.1395,14,0.024882836607992287,0.03915491807474697,32.71438057142857,,0.04184640994372427
TSLA,2020-01-15,35.317333,35.856,34.452667,34.566666,260532000,-0.0323,13,-0.036102005357748546,0.046326110035872996,33.35209471428571,,0.040597869635445996
TSLA,2020-01-16,32.916668,34.297333,32.811333,34.232666,326050500,-0.0164,19,-0.009662488132352598,0.0468139315429429,33.775237571428576,,0.043408830618100386
TSLA,2020-01-17,33.840668,34.378,33.544,34.033333,204436500,-0.0203,13,-0.005822888582501906,0.04446242880782815,33.95009457142857,,0.024505387115625825
TSLA,2020-01-21,35.35,36.572,35.227333,36.48,267052500,-0.1468,3,0.07189031412233415,0.0485680637464349,34.57733271428571,,0.036860389254386
TSLA,2020-01-22,38.126,39.63333,37.273335,37.97067,470535000,0.1328,16,0.04086266447368425,0.04762371591849805,35.447904571428566,,0.06215310396155764
TSLA,2020-01-23,37.61667,38.8,37.04,38.146667,294765000,0.1115,8,0.004635077548012845,0.03590369764201464,35.898762,,0.04613771368282314
TSLA,2020-01-24,38.042,38.25733,36.95067,37.654667,215304000,0.2088,7,-0.012897588143152783,0.036643806514838055,36.15495271428572,,0.03470114342001752
TSLA,2020-01-27,36.132668,37.629333,35.952,37.201332,204121500,0.2732,1,-0.012039277893494682,0.03279169659948462,36.53133357142857,,0.04508798233353592
TSLA,2020-01-28,37.899334,38.454,37.205334,37.79333,176827500,-0.1058,7,0.01591335493040935,0.031506026939249976,37.03999985714286,,0.0330393220179328
TSLA,2020-01-29,38.379333,39.32,37.828667,38.732666,267022500,0.1424,18,0.02485454443945545,0.030294118063873294,37.71133314285714,,0.03850323651875648
TSLA,2020-01-30,42.16133,43.392,41.2,42.72067,435085500,0.3524,17,0.10296229027973425,0.040039175455425,38.60285742857143,,0.05131005670088976
TSLA,2020-01-31,42.666668,43.533333,42.168,43.371334,235789500,0.1464,10,0.015230660006034569,0.039349599921207366,39.37438085714286,,0.03148007852375488
TSLA,2020-02-03,44.912666,52.409332,44.901333,52.0,705975000,0.1491,15,0.19894859586288027,0.07719817387840457,41.353428428571426,,0.1443845961538461
TSLA,2020-02-04,58.864,64.599335,55.592,59.137333,914082000,0.2143,46,0.1372564038461539,0.07844799627932632,44.422380714285715,,0.15231216125353503
TSLA,2020-02-05,54.884,56.398666,46.940666,48.98,726357000,0.0461,46,-0.17175838822491374,0.11880181548082935,46.105047571428564,,0.19309922417313188
TSLA,2020-02-06,46.66133,53.055332,45.8,49.930668,598212000,0.1173,53,0.019409309922417295,0.1186605346950294,47.838953,,0.14530813006547405
TSLA,2020-02-07,48.703335,51.316666,48.666668,49.871334,255952500,-0.0269,19,-0.00118832778283684,0.11986182198832235,49.43019128571428,,0.05313669772699477
TSLA,2020-02-10,53.333332,54.666,50.16,51.418667,370338000,0.3576,3,0.03102650111585148,0.11690944450057755,50.672762285714285,,0.08763354367004497
TSLA,2020-02-11,51.252666,52.234,50.533333,51.62533,175462500,-0.0034,8,0.004019221268416029,0.11726497145557731,51.85190457142857,,0.03294249160247504
TSLA,2020-02-12,51.858,52.65,50.891335,51.152668,180337500,0.1059,16,-0.009155621862368735,0.09107490543353558,51.73085714285714,39.40424436666667,0.034380709135249814
TSLA,2020-02-13,49.456,54.533333,49.0,53.6,394339500,0.1326,45,0.047843682366675466,0.07339495442993006,50.93980957142857,40.26128883333333,0.10323382462686564
TSLA,2020-02-14,52.481335,54.198,52.36667,53.335335,235405500,0.2211,9,-0.004937779850746282,0.021104693045007866,51.562000285714284,41.083,0.03433614882141457
TSLA,2020-02-18,56.106667,57.333332,55.490665,57.226665,245725500,0.0514,2,0.0729596992312882,0.03129912619318731,52.604285571428576,42.00608883333334,0.03219944758269591
TSLA,2020-02-19,61.566666,62.985332,60.068,61.16133,381345000,0.0306,18,0.06875579766879647,0.034389370905683406,54.21714214285714,43.041377600000004,0.04769896272693877
TSLA,2020-02-20,60.796665,60.8,57.329334,59.960667,264523500,0.2334,10,-0.01963108061907748,0.03915517852962717,55.43742785714285,43.997710966666666,0.057882378126313944
TSLA,2020-02-21,60.465332,60.870667,58.696667,60.066666,214722000,-0.0336,15,0.001767808887115807,0.039344297893578635,56.643333,44.906288700000005,0.03619311915863616
TSLA,2020-02-24,55.933334,57.566666,54.81333,55.586,227883000,-0.0777,11,-0.07459488429073124,0.05339060566691197,57.276666142857145,45.689510933333324,0.04953290396862515
TSLA,2020-02-25,56.6,57.106667,52.466667,53.32733,259357500,0.0846,26,-0.04063379268161038,0.05427848674673527,57.237713285714285,46.40453303333333,0.08700979403994162
TSLA,2020-02-26,52.166668,54.22067,51.740665,51.92,211282500,-0.0677,24,-0.026390408070308458,0.05523562095673248,57.035522571428565,46.9688442,0.047765889830508446
TSLA,2020-02-27,48.666668,49.318,44.6,45.266666,364158000,0.1082,43,-0.12814587827426815,0.06138077038268732,55.32695128571429,47.282355333333335,0.10422680565871575
TSLA,2020-02-28,41.98,46.034668,40.768,44.532665,363343500,0.0762,41,-0.01621504442142918,0.04433974297278026,52.951427714285714,47.6145553,0.11826527785839906
TSLA,2020-03-02,47.41733,49.579334,45.778,49.57467,302925000,0.3036,19,0.11322037430277287,0.07443267797515728,51.46771385714286,48.125955433333324,0.07667895721746619
TSLA,2020-03-03,53.666668,53.798668,47.740665,49.70067,386760000,0.2084,40,0.002541620549365353,0.07447862654128745,49.98685728571429,48.648199999999996,0.12188976526875793
TSLA,2020-03-04,50.930668,51.101334,48.315334,49.966667,225735000,0.0661,32,0.005351980164452375,0.0715561358487202,49.18409542857143,49.09775556666667,0.05575717107566933
TSLA,2020-03-05,48.25133,49.716667,47.871334,48.302666,162790500,-0.0396,15,-0.03330222125882443,0.07113488543664084,48.46628628571428,49.44215543333334,0.03820354346486804
TSLA,2020-03-06,46.0,47.13333,45.618,46.898666,189943500,0.1189,21,-0.029066718594787377,0.07123319477236743,47.74895285714286,49.73388873333332,0.03231072713240924
TSLA,2020-03-09,40.359333,44.2,40.333332,40.533333,256105500,0.3588,5,-0.135725246428118,0.07331595306237057,47.07276242857142,49.82984426666667,0.09539477052133868
TSLA,2020-03-10,43.962,44.533333,40.533333,43.022,233916000,0.1393,11,0.061398035044391674,0.07849017312520128,46.85695314285715,50.02386653333333,0.09297568685788667
TSLA,2020-03-11,42.68,43.572,40.86667,42.282,199837500,0.1427,18,-0.017200502068709045,0.05976434820590618,45.815143142857146,50.173488866666666,0.0639830187786766
TSLA,2020-03-12,38.726,39.63333,36.416668,37.37,283636500,-0.049,30,-0.1161723664916513,0.06825779911741824,44.05361885714286,50.12806666666666,0.08607605030773346
TSLA,2020-03-13,39.666668,40.504665,33.466667,36.441334,339604500,0.1365,20,-0.024850575327802993,0.06599120345332386,42.121428428571434,49.91875546666667,0.193132282149715
TSLA,2020-03-16,31.3,32.991333,29.478,29.671333,307342500,0.1902,8,-0.18577807826683834,0.08501390742816968,39.459809428571425,49.46208876666667,0.11840833035711593
TSLA,2020-03-17,29.334,31.456667,26.4,28.68,359919000,0.1033,35,-0.03341046389793145,0.08473254701955799,36.857142857142854,48.68475543333333,0.17631335425383546
TSLA,2020-03-18,25.933332,26.990667,23.367332,24.081333,356793000,0.0874,40,-0.16034403765690375,0.08860248765991315,34.506857142857136,47.5162221,0.15046239342315465
TSLA,2020-03-19,24.98,30.133333,23.897333,28.509333,452932500,0.0323,44,0.18387686429152406,0.12360557333668712,32.433619,46.83386653333333,0.2187353874606607
TSLA,2020-03-20,29.213333,31.8,28.386,28.502,424282500,0.074,31,-0.0002572140147930613,0.12453000462571549,30.465047571428574,46.11957759999999,0.11978106799522846
TSLA,2020-03-23,28.906668,29.466667,27.366667,28.952667,246817500,0.2184,6,0.015811767595256487,0.12248642741077632,29.26257142857143,45.422288699999996,0.07253217812369414
TSLA,2020-03-24,31.82,34.246,31.6,33.666668,343428000,0.2256,29,0.16281750486060576,0.14251760602758187,28.86619057142857,44.8305554,0.07859405629330472
TSLA,2020-03-25,36.35,37.13333,34.074,35.95,318340500,0.0143,23,0.06782173988824791,0.11833474636135223,29.763142999999996,44.3080444,0.08509958275382483
TSLA,2020-03-26,36.49267,37.333332,34.15,35.210667,260710500,-0.0131,16,-0.020565591098748337,0.11721384715337704,30.696095428571432,43.77664436666667,0.09040817091025286
TSLA,2020-03-27,33.666668,35.053333,32.935333,34.29067,215661000,-0.0354,14,-0.02612836047667033,0.08687052412548425,32.15457214285714,43.13300003333333,0.061766072228976635
TSLA,2020-03-30,34.017334,34.443333,32.74867,33.475334,179971500,-0.1156,2,-0.02377719653771715,0.06906420824557478,32.86400085714286,42.471,0.05062422976870091
TSLA,2020-03-31,33.416668,36.197334,33.13333,34.933334,266572500,-0.0712,11,0.04355445714148831,0.06836455635016656,33.782762857142856,41.72788896666667,0.08771003649408318
TSLA,2020-04-01,33.6,34.263332,31.673332,32.104,200298000,-0.3592,2,-0.0809923839505271,0.08071065770885331,34.23295328571429,40.7593113,0.08067530525791178
TSLA,2020-04-02,32.06867,32.95067,29.76,30.298,297876000,0.1297,28,-0.056254672314976384,0.05254546360980492,33.751715,39.77055573333334,0.10530959139217114
TSLA,2020-04-03,33.966667,34.366,31.226,32.000668,338431500,0.0009,25,0.056197372763878706,0.049640761817970835,33.187524714285715,38.835022466666665,0.09812295168338364
TSLA,2020-04-06,34.08,34.733334,33.197334,34.416,223527000,0.0,1,0.07547754940615614,0.060144392293115,33.074000857142856,38.1293558,0.04463040446304049
TSLA,2020-04-07,36.333332,37.666668,35.489334,36.363335,268797000,0.0,2,0.056582258251975937,0.06261977999951215,33.37009585714286,37.5638893,0.05987718123213952
TSLA,2020-04-08,36.946667,37.14733,35.555332,36.589333,189840000,0.0973,6,0.006214996506783699,0.06091742573924687,33.814952857142856,37.052867066666664,0.04350989399014179
TSLA,2020-04-09,37.472668,38.345333,37.140667,38.2,204750000,-0.2259,5,0.04402012466310867,0.06095481619625887,34.28161942857143,36.81731153333333,0.031535759162303556
TSLA,2020-04-13,39.344,43.466667,38.702,43.396667,337131000,0.0918,5,0.13603840314136129,0.05948755310465751,35.894857571428574,36.77944493333334,0.10979338574549982
TSLA,2020-04-14,46.598,49.458668,46.162,47.326,458647500,0.0782,10,0.09054458030152412,0.040493691171962234,38.327429,36.70448926666667,0.06965870768710654
TSLA,2020-04-15,49.466667,50.208668,47.333332,48.655334,353655000,0.1081,8,0.028088872923974106,0.04299500772829173,40.706666999999996,36.66964473333334,0.05909600784982802
TSLA,2020-04-16,47.796,50.63,47.114666,49.680668,309868500,0.1835,13,0.021073414068023766,0.04510737387515435,42.887333857142856,36.660111433333334,0.07075858963893164
TSLA,2020-04-17,51.485332,51.663334,49.844,50.259335,196923000,0.3009,5,0.011647729857416689,0.04789786101428578,44.87247671428571,36.72533373333333,0.036198927025198356
TSLA,2020-04-20,48.84667,51.038,47.480667,49.75733,221199000,0.2243,3,-0.00998829371697807,0.050583127914368545,46.75361914285715,36.820622533333335,0.0714936472676488
TSLA,2020-04-21,48.674667,50.222,44.919334,45.781334,303136500,0.0035,21,-0.07990774424592317,0.06950584496771355,47.83666685714286,36.9955559,0.1158259390169802
TSLA,2020-04-22,46.932,48.933334,45.914,48.807335,212482500,0.4409,7,0.06609682889537472,0.05491892359305351,48.60961942857143,37.1884004,0.06186230000060443
TSLA,2020-04-23,48.506668,48.933334,46.87533,47.042,198550500,0.0,2,-0.036169461004170844,0.04748802717733587,48.569048,37.34706706666667,0.04374822499043416
TSLA,2020-04-24,47.387333,48.715332,46.545334,48.343334,198180000,0.0634,7,0.027663237107265815,0.04744650091037352,48.52447657142857,37.712844866666664,0.04488722271409745
TSLA,2020-04-27,49.174,53.29933,49.0,53.25,310221000,0.1297,5,0.10149622696688643,0.06114312480814383,49.034381142857136,38.27313373333333,0.08073859154929573
TSLA,2020-04-28,53.042667,53.666668,50.446,51.274666,228330000,0.0987,3,-0.03709547417840364,0.0638457630722812,49.179428428571434,38.99324483333333,0.0628120717548897
TSLA,2020-04-29,52.678,53.546665,52.210667,53.367332,243240000,0.171,37,0.04081286458306699,0.06479336610181516,49.695142999999995,39.816155900000005,0.02503400394833297
TSLA,2020-04-30,57.01267,57.988,50.9,52.12533,427078500,0.1004,14,-0.02327270173446183,0.05407687438952838,50.60142814285714,40.7509558,0.13597995446743458
TSLA,2020-05-01,50.333332,51.518,45.536,46.754665,487977000,0.0775,99,-0.10303368822796888,0.06639419544582603,50.30818957142857,41.359133533333335,0.12794445217391673
TSLA,2020-05-04,46.733334,50.8,46.533333,50.746,288556500,0.0,1,0.08536763122995317,0.07227975593298308,50.83733242857142,42.1006002,0.08407888306467501
TSLA,2020-05-05,52.652668,53.261333,50.812,51.214,254875500,-0.0995,7,0.009222401765656363,0.07199745418063823,51.24742757142857,42.842644633333336,0.04782545788261028
TSLA,2020-05-06,51.766666,52.65333,50.740665,52.172,166848000,0.1437,5,0.018705822626625457,0.06042844132897616,51.09342757142857,43.45948903333333,0.03666075672774663
TSLA,2020-05-07,51.814,53.093334,51.49,52.002666,172915500,-0.1499,6,-0.003245687341869141,0.05840980219578337,51.19742757142857,43.994577899999996,0.030831765432949087
TSLA,2020-05-08,52.918,54.933334,52.467335,54.628,241297500,-0.0153,11,0.05048460400087951,0.059542720462081845,51.377523000000004,44.64182233333333,0.045141667276854425
TSLA,2020-05-11,52.70067,54.933334,52.333332,54.086,247794000,-0.0664,6,-0.009921651900124506,0.05869810109406573,51.65761871428571,45.30166666666666,0.0480716266686389
TSLA,2020-05-12,55.13333,56.219334,53.86667,53.960667,238603500,0.1756,11,-0.0023172909810301734,0.034746623291249334,52.68704757142857,45.9845111,0.043599609322842584
TSLA,2020-05-13,54.722,55.066666,50.886665,52.730667,285982500,0.1066,15,-0.02279438095159214,0.023760891230603546,52.970571428571425,46.57775553333333,0.07927077804648285
TSLA,2020-05-14,52.0,53.557335,50.933334,53.555332,205233000,0.0113,12,0.01563919151639026,0.02404006753669174,53.30504742857143,47.29279993333333,0.04899607381763593
TSLA,2020-05-15,52.69,53.67,52.43667,53.278,157776000,0.4374,4,-0.005178419956392011,0.023736849064544603,53.46304742857143,48.05879993333333,0.02314895454033564
TSLA,2020-05-18,55.185333,55.648,53.592,54.242,174987000,0.0,0,0.018093772288749532,0.024132372270972955,53.782952285714295,48.80017766666666,0.037904207072010705
TSLA,2020-05-19,54.344666,54.80467,53.738667,53.867332,144547500,-0.1437,4,-0.00690734117473546,0.014400756919938851,53.67428542857142,49.448555400000004,0.019789415224797137
TSLA,2020-05-20,54.7,55.066666,54.12,54.370667,109639500,-0.1394,4,0.009343974934566956,0.014455802991283554,53.71495214285714,50.048799800000005,0.017411336888694055
TSLA,2020-05-21,54.4,55.5,53.066666,55.173332,183819000,0.1232,4,0.0147628315834345,0.015253550449542932,53.88819,50.66826643333333,0.044103444758420644
TSLA,2020-05-22,54.811333,55.452,54.13333,54.458668,149812500,0.4245,5,-0.012953069428542019,0.012687455341188382,54.13504728571428,51.21022203333333,0.02421414346748248
TSLA,2020-05-26,55.63333,55.64,54.38067,54.59133,121345500,0.0,0,0.0024360125737925564,0.01173322745093263,54.283047,51.58337746666666,0.023068315060285186
TSLA,2020-05-27,54.724,55.180668,52.333332,54.682,173242500,0.1928,4,0.0016608864447889005,0.011232217256725874,54.48361842857143,51.82857746666666,0.05207080940711749
TSLA,2020-05-28,54.234,54.983334,53.446,53.72067,108834000,0.047,5,-0.017580373797593474,0.011735399355142501,54.409142714285714,51.997422,0.028617178452912097
TSLA,2020-05-29,53.916668,55.666668,53.614,55.666668,176467500,-0.2541,5,0.036224380671350476,0.017976281112402535,54.66619071428572,52.19695533333333,0.03687427456588571
TSLA,2020-06-01,57.2,59.933334,56.94,59.873333,224092500,-0.046,7,0.0755688305252975,0.03238917421089708,55.45228585714286,52.51742193333333,0.04999444410418916
TSLA,2020-06-02,59.646667,60.57733,58.066666,58.770668,203484000,-0.0783,7,-0.01841662965380597,0.0346588902258096,55.966191,52.81786653333334,0.04271967778212093
TSLA,2020-06-03,59.208,59.862667,58.673332,58.864,119242500,-0.3093,6,0.0015880711105751288,0.033500884919736795,56.595524142857144,53.2539554,0.02020479410165806
TSLA,2020-06-04,59.325333,59.716667,57.229332,57.62533,133315500,0.0018,4,-0.02104291247621637,0.035680460595761285,57.028952714285715,53.547888566666664,0.04316391767300945
TSLA,2020-06-05,58.522667,59.101334,57.746666,59.044,117178500,0.3047,2,0.0246188611848297,0.036023475358797054,57.65209557142857,53.94795523333333,0.02294336427071343
TSLA,2020-06-08,61.266666,63.333332,60.61067,63.328,212620500,0.6689,1,0.07255605988754166,0.03978235118749285,59.02457128571428,54.4474441,0.042993020464881244
TSLA,2020-06-09,62.66733,63.629333,61.595333,62.711334,170823000,0.1547,9,-0.009737651591713026,0.04127849503989451,60.03095214285714,54.7628219,0.03243432837834395
TSLA,2020-06-10,66.125336,68.498665,65.5,68.33667,278451000,0.0807,11,0.08970206246928192,0.04476877519125881,61.24000028571428,55.33155536666666,0.04388075977363256
TSLA,2020-06-11,66.013336,67.930664,64.8,64.856,238747500,0.0845,9,-0.05093414706920907,0.050700784868976945,62.10933342857142,55.714510966666666,0.04827100037005051
TSLA,2020-06-12,65.333336,65.86533,60.84,62.352,251451000,0.1356,23,-0.03860860984334524,0.054630117272661496,62.60761914285714,56.05539996666667,0.08059613163972282
TSLA,2020-06-15,61.186,66.58933,60.566666,66.06,235458000,0.0,0,0.05946882217090077,0.055592951637454285,63.812571999999996,56.69891113333333,0.09116960339085689
TSLA,2020-06-16,67.456665,67.52533,64.15933,65.475334,210766500,0.1086,6,-0.008850529821374464,0.05665982172446811,64.73133399999999,57.189888933333336,0.051408672462823934
TSLA,2020-06-17,65.847336,67.0,65.50467,66.11933,148362000,0.0887,7,0.00983570393088784,0.05093794596992889,65.13009542857144,57.686733266666664,0.022615625415441983
TSLA,2020-06-18,66.86667,67.94667,66.298,66.930664,146278500,0.1879,9,0.012270753499770581,0.050389628387846566,65.73285685714286,58.17868873333334,0.024632506260508575
TSLA,2020-06-19,67.51867,67.73133,66.08933,66.72667,130195500,-0.1211,4,-0.0030478406728490226,0.036285919519161346,65.50285685714286,58.66948886666667,0.024607851703074588
TSLA,2020-06-22,66.66333,67.25867,66.001335,66.288,95436000,0.0,0,-0.006574132951636891,0.029775855133541387,65.70742828571429,59.058155533333334,0.018967761887521084
TSLA,2020-06-23,66.592,67.46667,66.267334,66.78533,95479500,0.1666,4,0.007502564566739256,0.023305303477410107,66.34076114285715,59.48146653333333,0.01795807552347182
TSLA,2020-06-24,66.274,66.725334,63.542667,64.05666,164394000,-0.534,2,-0.04085732600258185,0.018154765105898352,66.0545697142857,59.817999633333336,0.04968518495969041
TSLA,2020-06-25,63.618,65.732,62.476665,65.732,138817500,0.1166,8,0.026154033007653066,0.02123470323936668,66.09123628571429,60.2513774,0.04952435647781906
TSLA,2020-06-26,66.318665,66.333336,63.658,63.982666,132823500,0.4378,4,-0.026613126026897027,0.02302979857601081,65.78599857142856,60.5989552,0.04181344991157451
TSLA,2020-06-29,64.60067,67.333336,63.23467,67.29,135396000,-0.1901,2,0.051691093959729706,0.03117863478825389,65.83733228571428,61.06602186666667,0.060910477039679015
TSLA,2020-06-30,67.1,72.512665,66.91534,71.987335,253777500,0.0917,10,0.06980732649725052,0.04034499048077179,66.58885585714286,61.65753303333334,0.07775430219774072
TSLA,2020-07-01,72.2,75.68867,72.03333,74.642,199903500,0.0378,5,0.03687683395975139,0.040427565557641244,67.78228442857143,62.35002196666667,0.04897162455454028
TSLA,2020-07-02,81.432,81.86667,79.04,80.57733,258751500,0.0712,18,0.07951729589239309,0.04613248221821264,69.75257014285714,63.223577399999996,0.03508021424884633
TSLA,2020-07-06,85.11266,91.85267,84.402664,91.43867,308548500,0.1814,12,0.13479399230527989,0.04999386736918013,73.66428585714286,64.432422,0.08147544140788576
TSLA,2020-07-07,93.667336,95.3,89.114,92.65733,322345500,0.128,10,0.013327621672537537,0.05136553338990274,77.51076157142857,65.70571073333333,0.06676212232750493
TSLA,2020-07-08,93.666664,94.484,87.42267,91.05867,244669500,-0.1176,11,-0.01725346499839786,0.049068507712454155,81.37876214285714,66.92128873333334,0.07754703643266476
TSLA,2020-07-09,93.13267,93.904,90.085335,92.952,175764000,0.0297,24,0.020792418777915378,0.050540028750627596,85.04476214285715,68.19695540000001,0.04108211765212148
TSLA,2020-07-10,93.066666,103.26133,91.734,102.97667,350064000,0.1261,20,0.10784781392546683,0.05508327794017975,89.47181,69.83882206666667,0.11194118046349728
TSLA,2020-07-13,110.6,119.666,98.074,99.804,584781000,0.1043,26,-0.030809599883158012,0.06378272212074422,93.06638142857142,71.31006646666667,0.21634403430724217
TSLA,2020-07-14,103.73333,106.0,95.4,101.12,351271500,0.171,30,0.013185844254739232,0.06254730365180099,96.00104857142857,72.68495536666667,0.10482594936708854
TSLA,2020-07-15,102.86667,103.333336,97.13333,103.06733,245517000,0.173,11,0.01925761471518972,0.044257170020283274,97.66228571428572,74.16151076666667,0.060154910387219714
TSLA,2020-07-16,98.47733,102.114,97.73333,100.04266,214512000,0.0713,11,-0.029346544632523175,0.04781237269297471,98.71733285714286,75.53413276666667,0.04378802003065502
TSLA,2020-07-17,100.89667,102.50066,99.333336,100.056,139950000,0.0352,7,0.00013334311582680058,0.04647512489550466,100.00266571428571,76.94848843333334,0.03165551291276879
TSLA,2020-07-20,101.267334,110.0,99.2,109.53333,256821000,0.2136,7,0.0947202566562726,0.05565344057084488,102.37142714285713,78.6314661,0.09860012472915775
TSLA,2020-07-21,109.32867,111.666664,103.86667,104.557335,241608000,0.0766,12,-0.04542904885663579,0.047123194989461006,102.59723642857143,80.00577726666666,0.07460016076347009
TSLA,2020-07-22,106.6,108.428,104.13333,106.155334,212416500,0.1512,44,0.015283471025729689,0.044755786605954744,103.50456985714285,81.4539106,0.04045646919635707
TSLA,2020-07-23,111.93,112.6,98.718,100.87133,364927500,0.2296,30,-0.04977615161570681,0.04995951337900448,103.46904557142857,82.53839926666666,0.1376208680900707
TSLA,2020-07-24,94.400665,97.666664,91.10267,94.46667,290949000,0.09,36,-0.06349336327775201,0.054425063593135696,102.24037985714287,83.5254216,0.06948476113321232
TSLA,2020-07-27,95.666664,103.196,94.2,102.64,240730500,0.019,3,0.08652078029213905,0.0646250747420243,102.61142842857143,84.86835493333334,0.08764614185502723
TSLA,2020-07-28,100.26667,104.31333,98.29467,98.43267,237130500,0.0054,12,-0.04099113406079502,0.06701127980642453,102.37952414285714,85.94744393333333,0.06114494303568111
TSLA,2020-07-29,100.066666,102.32066,99.13333,99.94067,141403500,0.2658,11,0.01532011678642875,0.05359324885360999,101.00914414285715,87.09628846666666,0.03189222165510801
TSLA,2020-07-30,99.2,100.88267,98.066666,99.166,114315000,0.0795,10,-0.0077512988456051035,0.05150359522537019,100.23895342857142,88.19784413333332,0.02839686989492373
TSLA,2020-07-31,101.0,101.136665,94.732,95.384,183123000,0.1862,10,-0.0381380715164471,0.0517104486241819,98.70019142857143,89.14628866666665,0.06714611465235254
TSLA,2020-08-03,96.613335,100.654,96.292,99.0,132139500,0.0,0,0.03790992199949672,0.052230048284096234,98.43285857142857,90.22206633333332,0.04406060606060601
TSLA,2020-08-04,99.667336,101.82733,97.46667,99.13333,126225000,0.1605,4,0.0013467676767677794,0.04459908097582513,99.09952428571428,91.31691066666666,0.04398782932037096
TSLA,2020-08-05,99.53267,99.989334,97.88734,99.001335,74217000,0.2739,4,-0.0013314896210991911,0.028013999592051482,98.579715,92.3907775,0.021231976316279016
TSLA,2020-08-06,99.388664,101.154,98.484,99.305336,89884500,-0.1721,4,0.003070675764119679,0.02303601657790076,98.70438157142857,93.56573336666666,0.02688677273092356
TSLA,2020-08-07,99.96933,99.98333,94.334,96.847336,133446000,0.4586,2,-0.024751942836183538,0.023985695079806614,98.26247671428571,94.60291123333333,0.05833232211983603
TSLA,2020-08-10,96.53333,97.166664,92.389336,94.571335,112834500,0.0,1,-0.023500914883193058,0.025084041371411455,97.60609600000001,95.62253353333334,0.05051560285154055
TSLA,2020-08-11,93.066666,94.666664,91.0,91.626,129387000,0.0345,14,-0.03114405649449703,0.023715040907583904,97.06923885714286,96.43373353333332,0.04001772422674783
TSLA,2020-08-12,98.0,105.666664,95.666664,103.650665,327441000,0.0314,20,0.13123638486892375,0.05618412674681003,97.73361957142858,97.48917786666667,0.09647791454111751
TSLA,2020-08-13,107.4,110.07867,104.484,108.066666,306379500,0.1916,27,0.042604656709148925,0.05753643349178344,99.00981042857143,98.60333340000001,0.05177054319414284
TSLA,2020-08-14,110.99934,111.253334,108.442665,110.04733,188664000,0.2096,17,0.01832816791072278,0.0571566784613073,100.58780971428571,99.58566673333333,0.025540546962838535
TSLA,2020-08-17,111.8,123.057335,111.522,122.376,303634500,0.086,7,0.11203061446379481,0.06688342023522605,103.88361885714286,100.61691106666667,0.09426141563705293
TSLA,2020-08-18,126.599335,128.26,123.00733,125.806,247117500,0.1798,36,0.028028371576126032,0.062216380933116926,108.02057085714286,101.72186673333333,0.041752142187177044
TSLA,2020-08-19,124.333336,127.4,122.74733,125.23534,183079500,0.0844,21,-0.004536031667806029,0.059354969864027746,112.401143,102.86108906666666,0.037151414289289274
TSLA,2020-08-20,124.045334,134.79933,123.804,133.45534,309177000,0.1865,30,0.06563642498994304,0.04989685556139047,118.376763,104.2112004,0.08238958441078488
TSLA,2020-08-21,136.31734,139.69933,135.00333,136.66533,322344000,0.195,38,0.024052915379781714,0.03807400933047977,123.09314371428572,105.33415573333333,0.034361311680145924
TSLA,2020-08-24,141.752,141.93333,128.50133,134.28,300954000,-0.3406,2,-0.017453804853067023,0.04393574042640404,126.83790571428572,106.48335573333334,0.10002978850163849
TSLA,2020-08-25,131.65933,135.19667,131.2,134.88933,159883500,0.1234,28,0.004537756925826697,0.04496369884016688,130.38676285714286,107.60900006666665,0.029629252365624643
TSLA,2020-08-26,137.33333,144.4,136.90866,143.54466,213591000,0.2795,18,0.06416615754559674,0.032333743329971056,133.41085714285714,108.9582444,0.05218821793858447
TSLA,2020-08-27,145.364,153.04,142.83333,149.25,355395000,0.0634,27,0.03974609713799171,0.032906100291442496,136.76000000000002,110.59848906666666,0.06838639865996651
TSLA,2020-08-28,153.008,154.566,145.768,147.56,301218000,0.0376,38,-0.011323283082077085,0.034008627665054296,139.94923714285713,112.18195573333333,0.059623204120357834
TSLA,2020-08-31,148.20334,166.71333,146.70334,166.10667,355123200,0.1486,23,0.12568900786120896,0.0500133680025865,144.61371285714287,114.06773373333334,0.12046469897927647
TSLA,2020-09-01,167.38,167.49667,156.83667,158.35,269523300,0.1045,89,-0.04669692071967979,0.058498505701187184,147.71152285714285,115.86082256666667,0.06731922955478369
TSLA,2020-09-02,159.66333,159.68,135.04,149.12334,288528300,0.0324,77,-0.05826750868329633,0.06485259532541232,149.83200000000002,117.29308943333334,0.16523235061661046
TSLA,2020-09-03,135.74333,143.93333,134.0,135.66667,262788300,0.0582,108,-0.0902385233592542,0.07666553142749284,149.9430485714286,118.45293410000001,0.07321864684966478
TSLA,2020-09-04,134.27,142.66667,124.00667,139.44,330965700,0.1393,75,0.027813242559871165,0.0729986097605916,149.35666857142857,119.9520451,0.13382099827882968
TSLA,2020-09-08,118.666664,122.91333,109.96,110.07,346397100,0.0056,57,-0.21062822719449226,0.10396482614967655,143.75952571428573,120.19971176666667,0.11768265649132378
TSLA,2020-09-09,118.86667,123.0,113.83667,122.09333,238397400,0.0899,49,0.10923348778050324,0.11808261068740533,140.12143,120.98840043333333,0.07505184763164378
TSLA,2020-09-10,128.73666,132.99667,120.18667,123.78,254791800,0.0684,42,0.013814595768663285,0.10140038712209425,134.07476285714284,121.78304476666668,0.10349006301502656
TSLA,2020-09-11,127.31333,127.5,120.166664,124.24,182152500,0.2899,28,0.0037162708030376024,0.10233514890683053,129.20190571428572,122.61884476666667,0.05902556342562784
TSLA,2020-09-14,126.98333,140.0,124.433334,139.87334,249061800,0.1471,15,0.12583177720540895,0.11632660634439537,127.88047714285713,124.10182276666667,0.11129115812920458
TSLA,2020-09-15,145.52,153.98,143.56667,149.92,291894600,0.1465,58,0.07182683991102223,0.11210298640744548,129.91666714285714,125.79915610000002,0.06945924493062969
TSLA,2020-09-16,146.62334,152.59666,145.10333,147.25333,216837900,0.2139,34,-0.01778728655282802,0.11291088028968557,131.03285714285715,127.4031561,0.05088733816749689
TSLA,2020-09-17,138.53334,145.93,136.0,141.14333,230337600,0.1224,31,-0.04149311937461797,0.0647102080734138,135.4719042857143,128.80788926666668,0.0703540153119528
TSLA,2020-09-18,149.31334,150.33333,142.93333,147.38333,259220400,0.1647,23,0.044210378202073075,0.05696328505054007,139.08476142857143,130.41048906666666,0.05020920615648986
TSLA,2020-09-21,151.04333,151.89333,135.69,149.79666,328430400,0.019,22,0.016374511282924553,0.05686075418961438,142.80142714285714,132.17546653333335,0.10816883367092427
TSLA,2020-09-22,143.2,145.92,139.2,141.41,238742400,0.0458,114,-0.05598696259315794,0.06515073404519954,145.25428428571428,133.73675536666667,0.04752139169789972
TSLA,2020-09-23,135.05333,137.38333,125.293335,126.78667,285222600,0.0376,92,-0.10341086203238803,0.06080715430540582,143.38476,134.9087777,0.09535698823859008
TSLA,2020-09-24,121.26667,133.16667,117.1,129.26334,289683300,0.1283,38,0.019534151342566197,0.05119898104973183,140.43380857142856,135.76253353333334,0.12429409606776382
TSLA,2020-09-25,131.15666,136.24333,130.43333,135.78,201625500,0.2307,17,0.050413829628725315,0.05771866391040734,138.79476142857143,136.68631133333332,0.042789807040801105
TSLA,2020-09-28,141.54,142.69333,138.51666,140.4,149158800,0.0,1,0.03402562969509515,0.05791963489287588,138.68857142857144,137.69806699999998,0.02974836182336183
TSLA,2020-09-29,138.66667,142.83333,137.2,139.69,150657900,0.2818,12,-0.005056980056980076,0.054658043914838396,137.5895242857143,138.27520033333334,0.040327367742859194
TSLA,2020-09-30,140.44,144.64333,140.15666,143.00333,144436800,0.2007,14,0.02371916386283912,0.0552333460174645,136.61904857142858,138.84844466666667,0.03137458407437088
TSLA,2020-10-01,146.92,149.62666,144.80667,149.38667,152224500,0.1446,22,0.04463770179337789,0.05287209350621566,137.75857285714287,139.65348899999998,0.03226519474595685
TSLA,2020-10-02,140.46333,146.37666,138.33333,138.36333,214290000,0.3437,26,-0.0737906534766457,0.04254057465066271,139.41238142857145,139.81708866666668,0.05813194868900595
TSLA,2020-10-05,141.11667,144.54666,139.77667,141.89333,134168400,0.6808,1,0.02551254006390269,0.04274483326972803,141.2166657142857,139.9913553333333,0.033616731667373
TSLA,2020-10-06,141.26334,142.92667,135.35,137.99333,147438900,0.2586,17,-0.027485435714279194,0.041879633444103316,141.53285571428572,140.115133,0.05490605958998169
TSLA,2020-10-07,139.95667,143.3,137.95,141.76666,129383100,0.0554,10,0.02734429265530447,0.04112617304906561,141.72809285714285,140.34437733333334,0.03773806902130602
TSLA,2020-10-08,146.14667,146.33333,141.76666,141.97333,121263300,0.1786,11,0.0014578180793707318,0.04101008665850772,142.05428285714285,140.29199966666667,0.03216568914739119
TSLA,2020-10-09,143.37666,144.86333,142.15334,144.66667,86777100,0.0196,11,0.018970746125346327,0.040649025474771554,142.29190285714284,140.139222,0.01873264933795742
TSLA,2020-10-12,147.33333,149.58,146.19333,147.43333,116373300,-0.463,3,0.019124377439530438,0.037228205689139024,142.01285428571427,140.1349996666667,0.022970857403817775
TSLA,2020-10-13,147.78334,149.63,145.53334,148.88333,103391100,0.1518,6,0.009834953873727015,0.019061785950023686,143.51571142857145,139.56088833333334,0.027515907926024933
TSLA,2020-10-14,149.92667,155.3,149.11667,153.76666,143639100,0.1212,15,0.03279970967871293,0.02017342627488717,145.21190142857145,139.40811033333333,0.04021242316117169
TSLA,2020-10-15,150.10333,152.19,147.5,149.62666,107017200,0.31,6,-0.026923911854494387,0.019991841748475077,146.8738057142857,139.42488766666665,0.03134468148924796
TSLA,2020-10-16,151.48,151.98334,146.28334,146.55667,98327700,0.084,4,-0.020517667105581228,0.021884948188314053,147.55809285714287,139.78788766666668,0.03889280508352154
TSLA,2020-10-19,148.74667,149.0,142.95667,143.61,108863400,0.0551,5,-0.02010601086937891,0.023886807124439108,147.79190285714284,139.92688766666666,0.0420815402827101
TSLA,2020-10-20,143.91667,143.91667,139.68333,140.64667,94968900,-0.1482,9,-0.02063456583803369,0.023855319522962,147.21761714285714,140.94611,0.030099112904699403
TSLA,2020-10-21,140.9,144.31667,140.41667,140.88,97111500,0.1871,23,0.001658979910437841,0.021893821491824245,146.28142714285715,141.57233233333332,0.02768313458262335
TSLA,2020-10-22,147.30667,148.41,141.50333,141.93,119979600,0.1832,15,0.007453151618398657,0.021618597143166687,145.2880942857143,142.1773323333333,0.04866250968787424
TSLA,2020-10-23,140.61333,140.96333,135.79333,140.21,101151000,0.0783,13,-0.012118650038751455,0.012865725925408536,143.35142857142858,142.70966566666667,0.03687326153626714
TSLA,2020-10-26,137.21,141.92,136.66667,140.09334,84717600,0.0,0,-0.0008320376577989341,0.011912855881854253,141.98952571428572,142.71699900000002,0.03749878473880326
TSLA,2020-10-27,141.25333,143.5,140.03334,141.56,68059500,0.0,2,0.010469162916666885,0.012775517843572008,141.27571571428572,142.4383323333333,0.024488979937835477
TSLA,2020-10-28,138.82666,139.53334,135.33333,135.34,76354200,0.1939,5,-0.0439389658095507,0.019114789068310115,140.09428714285716,142.04122133333334,0.031033027929658785
TSLA,2020-10-29,136.65334,139.35333,135.48666,136.94333,67965900,-0.0983,5,0.011846682429436983,0.01955258622343773,139.56523857142858,141.90122133333335,0.02823554823736212
TSLA,2020-10-30,135.63333,135.86333,126.37,129.34666,127533900,0.2673,4,-0.055473092409831004,0.027344758511516097,137.9176185714286,141.29999899999999,0.0733944734251351
TSLA,2020-11-02,131.33333,135.66,130.76666,133.50333,87063300,0.0,0,0.03213588970909642,0.03151458774599854,136.7138085714286,140.756888,0.036653317935964554
TSLA,2020-11-03,136.57666,142.59,135.56334,141.3,103055100,0.4404,1,0.05840056573869745,0.04016459506419367,136.86952285714287,140.75322133333333,0.04972866242038211
TSLA,2020-11-04,143.54,145.13333,139.03334,140.32666,96429300,-0.0271,9,-0.006888464260438876,0.04029578994455396,136.90285428571428,141.20455433333333,0.04346992937763922
TSLA,2020-11-05,142.76666,146.66667,141.33333,146.03,85243500,0.064,2,0.04064331040160152,0.04300819085764353,137.5414257142857,141.763443,0.03652222146134371
TSLA,2020-11-06,145.36667,145.52333,141.42667,143.31667,65118000,0.0705,6,-0.018580634116277528,0.039061665999408225,138.68095,142.0146653333333,0.028584671971515846
TSLA,2020-11-09,146.5,150.83333,140.33333,140.42,104499000,0.0,0,-0.020211675306159416,0.04050698159639393,139.17761714285714,142.015332,0.07477567298105683
TSLA,2020-11-10,140.03,140.03,132.01,136.78667,90852600,0.1235,5,-0.02587473294402509,0.03429786213329078,140.24047571428574,141.91855433333333,0.058631444131215495
TSLA,2020-11-11,138.81667,139.56667,136.86,139.04333,52073100,-0.1061,3,0.016497660188671937,0.03298733658160388,141.0319042857143,141.78655433333333,0.0194663778550181
TSLA,2020-11-12,138.35,141.0,136.50667,137.25333,59565300,0.3679,6,-0.012873684771502414,0.023993435273041076,140.45380857142857,141.38210966666668,0.032737493509264845
TSLA,2020-11-13,136.95,137.51,133.88667,136.16667,59313300,-0.1373,4,-0.007917184960102519,0.02401794036001355,139.8595242857143,141.30888766666666,0.026609521992422825
TSLA,2020-11-16,136.31,137.48334,134.69667,136.03,80515800,0.261,6,-0.0010036964258581804,0.014292003655273989,138.43095285714284,141.11344333333332,0.02048570168345208
TSLA,2020-11-17,153.39,154.0,144.33667,147.20334,183564900,0.2309,23,0.08213879291332793,0.03694874874898874,138.98619142857143,141.42044366666667,0.06564613275758555
TSLA,2020-11-18,149.45,165.33333,147.83333,162.21333,234132000,-0.0324,24,0.10196772709097512,0.0499566435579143,142.0995242857143,142.10199933333334,0.10788262592229626
TSLA,2020-11-19,164.0,169.53667,162.52333,166.42334,187425900,0.0839,24,0.025953539083378496,0.045331504228379026,146.3333342857143,142.91699966666667,0.04214156499923628
TSLA,2020-11-20,165.99667,167.5,163.02,163.20334,98735700,0.1123,8,-0.019348247667664853,0.048896851582444695,149.7847642857143,143.53488866666666,0.027450418600501618
TSLA,2020-11-23,167.83333,175.33333,167.26334,173.95,150780900,0.2345,3,0.06584828472260429,0.04801229924949355,155.02714571428572,144.41877766666667,0.04639258407588382
TSLA,2020-11-24,180.13333,186.66333,175.4,185.12666,160945500,0.1849,25,0.06425214141994817,0.044807754867763464,162.02143,145.62688866666667,0.06084121001264754
TSLA,2020-11-25,183.35333,191.33333,181.79,191.33333,146790600,0.1534,21,0.033526613616861045,0.040505006178451465,169.9219057142857,146.879111,0.04987803222784027
TSLA,2020-11-27,193.72,199.59334,192.81667,195.25333,112683300,0.1346,2,0.020487805234979284,0.03919066644247806,176.78619,148.4,0.03470706491920022
TSLA,2020-11-30,200.73666,202.6,184.83667,189.2,189009300,-0.0369,7,-0.031002441802145064,0.03735630621772122,180.64142857142858,149.82144433333332,0.09388652219873149
TSLA,2020-12-01,199.19667,199.28334,190.68333,194.92,120310500,-0.0262,13,0.03023255813953485,0.037451079627440494,184.71237999999997,151.53177766666667,0.044120716191257944
TSLA,2020-12-02,185.48,190.51334,180.40334,189.60667,143327100,0.006,16,-0.027259029345372388,0.03904256078789734,188.48428428571427,153.16377766666668,0.05332090901654469
TSLA,2020-12-03,196.67334,199.65666,194.14333,197.79333,127656000,0.1004,13,0.043177067557802706,0.035617904535776894,191.8904742857143,155.06088866666667,0.027874195757763905
TSLA,2020-12-04,197.00333,199.68,195.16667,199.68,88203900,0.0645,17,0.009538592631005427,0.029530781878195193,193.96952285714286,156.98588866666665,0.02260281450320511
TSLA,2020-12-07,201.64,216.26334,201.01666,213.92,168929100,-0.0149,12,0.07131410256410242,0.03683384698416251,197.19618999999997,159.44288866666665,0.07127281226626776
TSLA,2020-12-08,208.50333,217.09334,206.16667,216.62666,192795000,0.101,41,0.012652673896783817,0.03681651881011867,200.24952285714286,161.99399933333333,0.050440098185514204
TSLA,2020-12-09,217.89667,218.10667,196.0,201.49333,213873600,0.0969,41,-0.06985903766415458,0.04662338154943193,202.00571285714287,163.991777,0.10971415282084032
TSLA,2020-12-10,191.45667,209.25,188.78,209.02333,201249600,0.1572,28,0.03737096409097007,0.04721473310906379,204.0204742857143,166.447888,0.0979316519356954
TSLA,2020-12-11,205.00333,208.0,198.93333,203.33,139425000,0.0934,17,-0.02723777293185392,0.04721186365008615,205.98094999999998,168.660777,0.04459091132641512
TSLA,2020-12-14,206.33333,214.25,203.4,213.27667,156121800,0.0,4,0.048918851128706864,0.04790893705590661,208.1928557142857,171.458444,0.05087288731580437
TSLA,2020-12-15,214.42667,215.63333,207.93333,211.08333,135214500,-0.1183,12,-0.010284012780207075,0.04864601839881884,209.82190285714282,174.044444,0.036478484587105904
TSLA,2020-12-16,209.41,210.83333,201.66667,207.59,126287400,-0.119,9,-0.016549530462684925,0.04054290597596942,208.91761714285715,176.25411066666666,0.04415752203863375
TSLA,2020-12-17,209.39667,219.60667,206.5,218.63333,168810300,0.2238,8,0.05319779372802147,0.04580193236498677,209.20428428571427,178.86433300000002,0.05994817898990976
TSLA,2020-12-18,222.96666,231.66667,209.51334,231.66667,666378600,0.1256,46,0.05961277724672631,0.03717100055698058,213.5147614285714,181.71888866666666,0.09562588351617438
TSLA,2020-12-21,222.08,222.83333,215.35667,216.62,174135900,0.303,11,-0.06494965374173167,0.048055819991477365,214.59999999999997,184.16233300000002,0.0345150955590434
TSLA,2020-12-22,216.0,216.62666,204.74333,213.44667,155148000,0.0453,35,-0.014649293694026344,0.04681991768253468,216.04523857142857,186.59655533333336,0.05567353194125727
TSLA,2020-12-23,210.73334,217.16667,207.52333,215.32666,99519000,0.1798,14,0.008807773857516743,0.04328400059248889,216.3380942857143,189.214555,0.044784700603260286
TSLA,2020-12-24,214.33,222.03,213.66667,220.59,68596800,0.1343,16,0.02444351293982816,0.04360770279925993,217.69619000000003,191.93277733333335,0.03791345935899175
TSLA,2020-12-28,224.83667,227.13333,220.26666,221.23,96835800,0.0,0,0.0029013101228523297,0.04245170873440068,219.64476142857143,194.73199966666664,0.031038602359535324
TSLA,2020-12-29,220.33333,223.3,218.33333,221.99667,68732400,0.1409,10,0.003465488405731687,0.037919153214831,220.12523857142858,197.59299966666669,0.02237272297823216
TSLA,2020-12-30,224.0,232.2,222.78667,231.59334,128538000,0.1052,14,0.043228891676618364,0.034146202127858315,220.11476285714284,200.77844433333337,0.04064594430910665
TSLA,2020-12-31,233.33,239.57333,230.37334,235.22333,148949700,0.1907,23,0.015673982680158183,0.018346569585499996,222.77238142857144,203.71244400000003,0.0391117241644355
